#{"t_start": 1540226758.290028, "env_id": "MountainCar-v0"}
r,l,t
-200.0,200,0.445462
-200.0,200,0.566106
-3.0,3,0.569291
-3.0,3,0.5723
-3.0,3,0.575382
-3.0,3,0.578537
-3.0,3,0.581755
-3.0,3,0.584776
-3.0,3,0.587829
-3.0,3,0.59092
-3.0,3,0.593964
-3.0,3,0.597046
-3.0,3,0.60011
-3.0,3,0.603048
-3.0,3,0.606064
-3.0,3,0.609355
-3.0,3,0.612493
-3.0,3,0.615751
-3.0,3,0.618825
-3.0,3,0.621702
-3.0,3,0.624729
-3.0,3,0.627814
-3.0,3,0.630934
-3.0,3,0.634064
-3.0,3,0.637191
-3.0,3,0.640369
-3.0,3,0.643463
-3.0,3,0.646563
-3.0,3,0.649672
-3.0,3,0.652811
-3.0,3,0.655988
-3.0,3,0.659087
-3.0,3,0.662185
-3.0,3,0.6652
-3.0,3,0.668277
-3.0,3,0.68177
-3.0,3,0.684818
-3.0,3,0.688299
-3.0,3,0.691523
-3.0,3,0.694807
-3.0,3,0.69794
-3.0,3,0.701787
-3.0,3,0.705701
-3.0,3,0.709857
-3.0,3,0.71418
-3.0,3,0.718921
-3.0,3,0.723104
-3.0,3,0.727414
-3.0,3,0.732121
-3.0,3,0.736611
-3.0,3,0.740433
-3.0,3,0.743685
-3.0,3,0.746144
-3.0,3,0.748554
-3.0,3,0.750581
-3.0,3,0.752504
-3.0,3,0.754508
-3.0,3,0.756366
-3.0,3,0.758204
-3.0,3,0.759712
-3.0,3,0.761319
-3.0,3,0.762884
-3.0,3,0.76464
-3.0,3,0.766382
-3.0,3,0.768012
-3.0,3,0.769578
-3.0,3,0.771087
-3.0,3,0.772711
-3.0,3,0.779781
-3.0,3,0.781465
-3.0,3,0.783022
-3.0,3,0.78467
-3.0,3,0.786285
-3.0,3,0.787896
-3.0,3,0.789487
-3.0,3,0.791032
-3.0,3,0.792619
-3.0,3,0.794152
-3.0,3,0.795653
-3.0,3,0.797289
-3.0,3,0.798828
-3.0,3,0.80039
-3.0,3,0.802167
-3.0,3,0.80377
-3.0,3,0.805363
-3.0,3,0.806957
-3.0,3,0.808629
-3.0,3,0.810249
-3.0,3,0.811869
-3.0,3,0.813639
-3.0,3,0.815634
-3.0,3,0.817523
-3.0,3,0.819537
-3.0,3,0.821784
-3.0,3,0.823846
-3.0,3,0.825977
-3.0,3,0.827991
-3.0,3,0.830289
-3.0,3,0.832456
-3.0,3,0.834695
-3.0,3,0.837026
-3.0,3,0.846996
-3.0,3,0.849319
-3.0,3,0.851656
-3.0,3,0.853967
-3.0,3,0.856148
-3.0,3,0.858443
-3.0,3,0.860653
-3.0,3,0.863002
-3.0,3,0.865163
-3.0,3,0.867643
-3.0,3,0.869952
-3.0,3,0.872032
-3.0,3,0.874036
-3.0,3,0.876139
-3.0,3,0.878405
-3.0,3,0.880694
-3.0,3,0.882946
-3.0,3,0.885246
-3.0,3,0.887859
-3.0,3,0.890107
-3.0,3,0.892357
-3.0,3,0.894728
-3.0,3,0.897409
-3.0,3,0.900384
-3.0,3,0.903419
-3.0,3,0.906689
-3.0,3,0.910078
-3.0,3,0.914036
-3.0,3,0.918296
-3.0,3,0.922739
-3.0,3,0.927005
-3.0,3,0.931087
-3.0,3,0.935154
-3.0,3,0.939367
-3.0,3,0.957667
-3.0,3,0.961933
-3.0,3,0.966123
-3.0,3,0.970357
-3.0,3,0.974726
-3.0,3,0.978882
-3.0,3,0.983191
-3.0,3,0.987472
-3.0,3,0.991882
-3.0,3,0.99621
-3.0,3,1.000426
-3.0,3,1.004586
-3.0,3,1.008866
-3.0,3,1.012997
-3.0,3,1.017102
-3.0,3,1.021518
-3.0,3,1.02578
-3.0,3,1.029946
-3.0,3,1.034311
-3.0,3,1.038312
-3.0,3,1.042691
-3.0,3,1.046865
-3.0,3,1.051051
-3.0,3,1.055193
-3.0,3,1.05914
-3.0,3,1.06303
-3.0,3,1.066161
-3.0,3,1.069021
-3.0,3,1.07148
-3.0,3,1.073881
-3.0,3,1.076387
-3.0,3,1.078848
-3.0,3,1.08082
-3.0,3,1.086992
-3.0,3,1.088791
-3.0,3,1.090343
-3.0,3,1.091877
-3.0,3,1.093473
-3.0,3,1.09481
-3.0,3,1.09622
-3.0,3,1.097742
-3.0,3,1.099066
-3.0,3,1.100453
-3.0,3,1.101818
-3.0,3,1.103111
-3.0,3,1.104504
-3.0,3,1.105839
-3.0,3,1.107186
-3.0,3,1.108602
-3.0,3,1.110042
-3.0,3,1.111415
-3.0,3,1.112828
-3.0,3,1.114236
-3.0,3,1.115484
-3.0,3,1.116885
-3.0,3,1.118173
-3.0,3,1.119561
-3.0,3,1.120946
-3.0,3,1.122323
-3.0,3,1.123485
-3.0,3,1.124718
-3.0,3,1.12594
-3.0,3,1.127148
-3.0,3,1.128383
-3.0,3,1.129691
-3.0,3,1.130896
-3.0,3,1.135523
-3.0,3,1.221554
-3.0,3,1.225791
-3.0,3,1.229703
-3.0,3,1.233721
-3.0,3,1.237714
-3.0,3,1.241465
-3.0,3,1.245122
-3.0,3,1.249106
-3.0,3,1.252935
-3.0,3,1.25676
-3.0,3,1.260549
-3.0,3,1.264324
-3.0,3,1.26821
-3.0,3,1.271957
-3.0,3,1.275941
-3.0,3,1.279937
-3.0,3,1.283695
-3.0,3,1.287445
-3.0,3,1.291425
-3.0,3,1.295239
-3.0,3,1.299117
-3.0,3,1.302863
-3.0,3,1.306843
-3.0,3,1.31093
-3.0,3,1.314814
-3.0,3,1.31871
-3.0,3,1.322667
-3.0,3,1.32631
-3.0,3,1.330266
-3.0,3,1.334195
-3.0,3,1.338144
-3.0,3,1.341951
-3.0,3,1.345648
-3.0,3,1.352945
-3.0,3,1.356763
-3.0,3,1.361075
-3.0,3,1.365119
-3.0,3,1.368914
-3.0,3,1.372706
-3.0,3,1.376482
-3.0,3,1.380215
-3.0,3,1.383904
-3.0,3,1.387458
-3.0,3,1.391207
-3.0,3,1.394757
-3.0,3,1.398736
-3.0,3,1.402609
-3.0,3,1.406318
-3.0,3,1.410146
-3.0,3,1.414189
-3.0,3,1.418212
-3.0,3,1.422118
-3.0,3,1.425942
-3.0,3,1.429952
-3.0,3,1.435357
-3.0,3,1.44047
-3.0,3,1.444166
-3.0,3,1.447856
-3.0,3,1.451659
-3.0,3,1.457767
-3.0,3,1.462609
-3.0,3,1.466675
-3.0,3,1.470873
-3.0,3,1.475298
-3.0,3,1.479189
-3.0,3,1.482886
-3.0,3,1.490529
-3.0,3,1.494238
-3.0,3,1.498299
-3.0,3,1.50206
-3.0,3,1.506027
-3.0,3,1.509717
-3.0,3,1.513433
-3.0,3,1.517178
-3.0,3,1.521114
-3.0,3,1.524836
-3.0,3,1.528466
-3.0,3,1.532187
-3.0,3,1.53617
-3.0,3,1.540094
-3.0,3,1.543661
-3.0,3,1.547296
-3.0,3,1.550807
-3.0,3,1.5545
-3.0,3,1.55814
-3.0,3,1.561642
-3.0,3,1.565082
-3.0,3,1.568755
-3.0,3,1.572557
-3.0,3,1.5762
-3.0,3,1.579838
-3.0,3,1.583469
-3.0,3,1.587707
-3.0,3,1.591399
-3.0,3,1.594891
-3.0,3,1.59847
-3.0,3,1.602082
-3.0,3,1.606431
-3.0,3,1.61012
-3.0,3,1.617166
-3.0,3,1.621073
-3.0,3,1.62495
-3.0,3,1.628536
-3.0,3,1.632271
-3.0,3,1.636474
-3.0,3,1.640374
-3.0,3,1.644028
-3.0,3,1.64766
-3.0,3,1.651251
-3.0,3,1.655024
-3.0,3,1.658751
-3.0,3,1.662382
-3.0,3,1.666056
-3.0,3,1.669791
-3.0,3,1.673834
-3.0,3,1.677664
-3.0,3,1.68149
-3.0,3,1.685286
-3.0,3,1.689301
-3.0,3,1.693141
-3.0,3,1.69693
-3.0,3,1.700747
-3.0,3,1.704811
-3.0,3,1.7087
-3.0,3,1.712654
-3.0,3,1.716552
-3.0,3,1.720356
-3.0,3,1.724337
-3.0,3,1.72834
-3.0,3,1.732186
-3.0,3,1.736115
-3.0,3,1.740133
-3.0,3,1.743988
-3.0,3,1.75165
-3.0,3,1.755599
-3.0,3,1.759765
-3.0,3,1.763748
-3.0,3,1.767553
-3.0,3,1.771484
-3.0,3,1.775499
-3.0,3,1.779351
-3.0,3,1.783133
-3.0,3,1.786949
-3.0,3,1.790939
-3.0,3,1.79487
-3.0,3,1.798719
-3.0,3,1.802548
-3.0,3,1.806455
-3.0,3,1.810397
-3.0,3,1.814382
-3.0,3,1.818241
-3.0,3,1.822107
-3.0,3,1.82604
-3.0,3,1.829874
-3.0,3,1.833669
-3.0,3,1.837556
-3.0,3,1.841618
-3.0,3,1.845383
-3.0,3,1.849191
-3.0,3,1.852926
-3.0,3,1.85725
-3.0,3,1.861872
-3.0,3,1.865883
-3.0,3,1.869822
-3.0,3,1.874493
-3.0,3,1.878504
-3.0,3,1.886096
-3.0,3,1.890307
-3.0,3,1.894158
-3.0,3,1.898007
-3.0,3,1.90184
-3.0,3,1.905619
-3.0,3,1.909612
-3.0,3,1.91344
-3.0,3,1.917495
-3.0,3,1.921257
-3.0,3,1.925333
-3.0,3,1.929177
-3.0,3,1.932894
-3.0,3,1.936703
-3.0,3,1.940469
-3.0,3,1.944296
-3.0,3,1.94809
-3.0,3,1.95213
-3.0,3,1.956294
-3.0,3,1.960348
-3.0,3,1.964244
-3.0,3,1.968033
-3.0,3,1.971982
-3.0,3,1.975861
-3.0,3,1.97961
-3.0,3,1.983648
-3.0,3,1.987622
-3.0,3,1.991421
-3.0,3,1.995232
-3.0,3,1.999087
-3.0,3,2.002875
-3.0,3,2.006687
-3.0,3,2.010676
-3.0,3,2.018389
-3.0,3,2.022446
-3.0,3,2.026279
-3.0,3,2.030087
-3.0,3,2.03405
-3.0,3,2.037967
-3.0,3,2.041799
-3.0,3,2.045687
-3.0,3,2.049596
-3.0,3,2.053454
-3.0,3,2.057259
-3.0,3,2.061194
-3.0,3,2.065025
-3.0,3,2.068827
-3.0,3,2.072986
-3.0,3,2.076881
-3.0,3,2.08075
-3.0,3,2.084582
-3.0,3,2.08858
-3.0,3,2.092273
-3.0,3,2.096011
-3.0,3,2.099903
-3.0,3,2.103683
-3.0,3,2.107513
-3.0,3,2.111375
-3.0,3,2.11519
-3.0,3,2.118953
-3.0,3,2.12269
-3.0,3,2.126477
-3.0,3,2.130168
-3.0,3,2.133883
-3.0,3,2.1377
-3.0,3,2.141459
-3.0,3,2.145325
-3.0,3,2.15365
-3.0,3,2.157527
-3.0,3,2.161395
-3.0,3,2.165496
-3.0,3,2.169448
-3.0,3,2.173273
-3.0,3,2.177176
-3.0,3,2.181151
-3.0,3,2.18507
-3.0,3,2.18896
-3.0,3,2.193074
-3.0,3,2.196902
-3.0,3,2.20082
-3.0,3,2.204662
-3.0,3,2.208411
-3.0,3,2.212281
-3.0,3,2.216077
-3.0,3,2.219804
-3.0,3,2.223608
-3.0,3,2.227535
-3.0,3,2.231428
-3.0,3,2.235345
-3.0,3,2.23917
-3.0,3,2.242851
-3.0,3,2.246607
-3.0,3,2.250292
-3.0,3,2.254076
-3.0,3,2.25798
-3.0,3,2.261966
-3.0,3,2.265809
-3.0,3,2.269804
-3.0,3,2.273555
-3.0,3,2.277356
-3.0,3,2.284812
-3.0,3,2.288633
-3.0,3,2.292366
-3.0,3,2.296183
-3.0,3,2.300094
-3.0,3,2.303988
-3.0,3,2.307824
-3.0,3,2.311731
-3.0,3,2.315655
-3.0,3,2.319471
-3.0,3,2.323354
-3.0,3,2.327255
-3.0,3,2.331078
-3.0,3,2.334927
-3.0,3,2.338681
-3.0,3,2.342436
-3.0,3,2.346236
-3.0,3,2.350041
-3.0,3,2.353925
-3.0,3,2.357693
-3.0,3,2.36146
-3.0,3,2.365197
-3.0,3,2.368948
-3.0,3,2.372658
-3.0,3,2.376594
-3.0,3,2.380424
-3.0,3,2.384195
-3.0,3,2.388023
-3.0,3,2.391837
-3.0,3,2.395925
-3.0,3,2.400337
-3.0,3,2.404576
-3.0,3,2.408727
-3.0,3,2.417125
-3.0,3,2.421469
-3.0,3,2.425571
-3.0,3,2.430096
-3.0,3,2.434315
-3.0,3,2.438665
-3.0,3,2.443063
-3.0,3,2.447356
-3.0,3,2.451524
-3.0,3,2.455648
-3.0,3,2.459929
-3.0,3,2.464125
-3.0,3,2.468365
-3.0,3,2.472612
-3.0,3,2.477039
-3.0,3,2.481248
-3.0,3,2.485314
-3.0,3,2.489515
-3.0,3,2.493881
-3.0,3,2.49813
-3.0,3,2.502417
-3.0,3,2.506572
-3.0,3,2.51084
-3.0,3,2.514953
-3.0,3,2.519106
-3.0,3,2.523265
-3.0,3,2.527731
-3.0,3,2.532058
-3.0,3,2.536879
-3.0,3,2.542733
-3.0,3,2.548982
-3.0,3,2.556257
-3.0,3,2.561854
-3.0,3,2.567083
-3.0,3,2.576072
-3.0,3,2.580354
-3.0,3,2.584201
-3.0,3,2.588276
-3.0,3,2.592129
-3.0,3,2.59607
-3.0,3,2.599742
-3.0,3,2.6035
-3.0,3,2.607158
-3.0,3,2.610853
-3.0,3,2.614517
-3.0,3,2.618071
-3.0,3,2.622012
-3.0,3,2.625762
-3.0,3,2.629413
-3.0,3,2.633191
-3.0,3,2.637177
-3.0,3,2.641375
-3.0,3,2.645491
-3.0,3,2.650747
-3.0,3,2.658549
-3.0,3,2.663543
-3.0,3,2.667654
-3.0,3,2.67311
-3.0,3,2.680678
-3.0,3,2.686268
-3.0,3,2.691141
-3.0,3,2.695333
-3.0,3,2.699537
-3.0,3,2.704118
-3.0,3,2.710137
-3.0,3,2.716467
-3.0,3,2.722168
-3.0,3,2.731978
-3.0,3,2.738806
-3.0,3,2.745595
-3.0,3,2.751363
-3.0,3,2.757423
-3.0,3,2.762683
-3.0,3,2.766702
-3.0,3,2.770917
-3.0,3,2.777029
-3.0,3,2.782599
-3.0,3,2.786551
-3.0,3,2.791081
-3.0,3,2.794825
-3.0,3,2.798418
-3.0,3,2.802011
-3.0,3,2.805728
-3.0,3,2.809567
-3.0,3,2.813544
-3.0,3,2.817203
-3.0,3,2.820997
-3.0,3,2.825732
-3.0,3,2.830323
-3.0,3,2.835923
-3.0,3,2.840244
-3.0,3,2.846165
-3.0,3,2.852779
-3.0,3,2.858698
-3.0,3,2.864092
-3.0,3,2.86915
-3.0,3,2.876621
-3.0,3,2.881783
-3.0,3,2.887393
-3.0,3,2.89345
-3.0,3,2.903348
-3.0,3,2.909337
-3.0,3,2.91361
-3.0,3,2.917246
-3.0,3,2.921235
-3.0,3,2.925574
-3.0,3,2.929421
-3.0,3,2.933256
-3.0,3,2.937171
-3.0,3,2.941196
-3.0,3,2.946448
-3.0,3,2.950599
-3.0,3,2.956054
-3.0,3,2.960396
-3.0,3,2.964192
-3.0,3,2.967885
-3.0,3,2.972063
-3.0,3,2.97627
-3.0,3,2.979947
-3.0,3,2.983547
-3.0,3,2.987787
-3.0,3,2.992086
-3.0,3,2.997979
-3.0,3,3.004577
-3.0,3,3.010351
-3.0,3,3.016583
-3.0,3,3.021313
-3.0,3,3.025509
-3.0,3,3.029353
-3.0,3,3.033616
-3.0,3,3.037644
-3.0,3,3.041756
-3.0,3,3.04592
-3.0,3,3.050426
-3.0,3,3.058005
-3.0,3,3.061939
-3.0,3,3.065944
-3.0,3,3.070066
-3.0,3,3.075812
-3.0,3,3.080029
-3.0,3,3.085136
-3.0,3,3.090551
-3.0,3,3.095262
-3.0,3,3.099693
-3.0,3,3.103845
-3.0,3,3.108252
-3.0,3,3.112302
-3.0,3,3.116528
-3.0,3,3.121271
-3.0,3,3.1252
-3.0,3,3.12918
-3.0,3,3.133285
-3.0,3,3.137928
-3.0,3,3.141899
-3.0,3,3.146004
-3.0,3,3.150651
-3.0,3,3.155067
-3.0,3,3.159399
-3.0,3,3.164109
-3.0,3,3.168258
-3.0,3,3.172369
-3.0,3,3.177351
-3.0,3,3.181592
-3.0,3,3.185364
-3.0,3,3.189338
-3.0,3,3.194669
-3.0,3,3.199424
-3.0,3,3.206959
-3.0,3,3.210641
-3.0,3,3.214223
-3.0,3,3.217985
-3.0,3,3.221774
-3.0,3,3.225381
-3.0,3,3.22893
-3.0,3,3.232535
-3.0,3,3.236268
-3.0,3,3.240167
-3.0,3,3.246058
-3.0,3,3.250464
-3.0,3,3.255308
-3.0,3,3.260977
-3.0,3,3.264988
-3.0,3,3.269217
-3.0,3,3.273694
-3.0,3,3.277828
-3.0,3,3.282757
-3.0,3,3.287275
-3.0,3,3.291519
-3.0,3,3.295348
-3.0,3,3.300874
-3.0,3,3.305207
-3.0,3,3.30943
-3.0,3,3.313497
-3.0,3,3.31761
-3.0,3,3.321436
-3.0,3,3.325411
-3.0,3,3.329245
-3.0,3,3.333349
-3.0,3,3.338034
-3.0,3,3.342704
-3.0,3,3.351099
-3.0,3,3.355905
-3.0,3,3.360528
-3.0,3,3.364588
-3.0,3,3.369345
-3.0,3,3.374273
-3.0,3,3.379756
-3.0,3,3.385096
-3.0,3,3.391007
-3.0,3,3.396538
-3.0,3,3.401371
-3.0,3,3.405767
-3.0,3,3.409919
-3.0,3,3.413897
-3.0,3,3.418958
-3.0,3,3.424973
-3.0,3,3.42968
-3.0,3,3.434103
-3.0,3,3.438464
-3.0,3,3.442465
-3.0,3,3.446265
-3.0,3,3.451189
-3.0,3,3.456335
-3.0,3,3.460313
-3.0,3,3.464607
-3.0,3,3.469636
-3.0,3,3.474123
-3.0,3,3.478144
-3.0,3,3.482473
-3.0,3,3.48678
-3.0,3,3.490644
-3.0,3,3.494432
-3.0,3,3.498462
-3.0,3,3.503485
-3.0,3,3.511647
-3.0,3,3.515739
-3.0,3,3.520289
-3.0,3,3.524877
-3.0,3,3.528992
-3.0,3,3.532835
-3.0,3,3.537018
-3.0,3,3.541827
-3.0,3,3.545691
-3.0,3,3.54991
-3.0,3,3.554213
-3.0,3,3.558258
-3.0,3,3.562183
-3.0,3,3.566505
-3.0,3,3.571058
-3.0,3,3.577438
-3.0,3,3.581922
-3.0,3,3.58603
-3.0,3,3.590407
-3.0,3,3.595188
-3.0,3,3.602043
-3.0,3,3.611428
-3.0,3,3.617397
-3.0,3,3.622497
-3.0,3,3.626654
-3.0,3,3.630929
-3.0,3,3.635114
-3.0,3,3.64043
-3.0,3,3.644406
-3.0,3,3.648231
-3.0,3,3.652207
-3.0,3,3.65658
-3.0,3,3.66212
-3.0,3,3.671597
-3.0,3,3.67665
-3.0,3,3.680805
-3.0,3,3.685709
-3.0,3,3.690193
-3.0,3,3.694806
-3.0,3,3.698947
-3.0,3,3.703045
-3.0,3,3.70798
-3.0,3,3.712026
-3.0,3,3.716391
-3.0,3,3.721325
-3.0,3,3.726712
-3.0,3,3.731241
-3.0,3,3.735407
-3.0,3,3.739721
-3.0,3,3.743643
-3.0,3,3.749279
-3.0,3,3.755231
-3.0,3,3.760751
-3.0,3,3.764904
-3.0,3,3.769387
-3.0,3,3.773911
-3.0,3,3.778454
-3.0,3,3.782622
-3.0,3,3.787313
-3.0,3,3.793086
-3.0,3,3.797657
-3.0,3,3.801866
-3.0,3,3.806755
-3.0,3,3.811502
-3.0,3,3.815943
-3.0,3,3.820025
-3.0,3,3.830478
-3.0,3,3.834984
-3.0,3,3.840176
-3.0,3,3.846937
-3.0,3,3.852712
-3.0,3,3.857328
-3.0,3,3.861758
-3.0,3,3.866159
-3.0,3,3.870898
-3.0,3,3.87498
-3.0,3,3.879014
-3.0,3,3.882985
-3.0,3,3.887333
-3.0,3,3.892836
-3.0,3,3.896592
-3.0,3,3.900667
-3.0,3,3.905315
-3.0,3,3.909733
-3.0,3,3.913657
-3.0,3,3.917462
-3.0,3,3.921578
-3.0,3,3.925488
-3.0,3,3.929595
-3.0,3,3.934528
-3.0,3,3.93888
-3.0,3,3.943121
-3.0,3,3.947114
-3.0,3,3.951419
-3.0,3,3.955812
-3.0,3,3.95967
-3.0,3,3.963362
-3.0,3,3.96743
-3.0,3,3.971922
-3.0,3,3.976078
-3.0,3,3.986171
-3.0,3,3.991722
-3.0,3,3.995977
-3.0,3,3.999946
-3.0,3,4.004137
-3.0,3,4.009781
-3.0,3,4.014601
-3.0,3,4.018818
-3.0,3,4.026221
-3.0,3,4.032599
-3.0,3,4.03922
-3.0,3,4.044805
-3.0,3,4.049932
-3.0,3,4.054438
-3.0,3,4.058528
-3.0,3,4.063704
-3.0,3,4.068431
-3.0,3,4.073975
-3.0,3,4.079766
-3.0,3,4.084308
-3.0,3,4.089766
-3.0,3,4.094233
-3.0,3,4.098548
-3.0,3,4.103302
-3.0,3,4.108296
-3.0,3,4.11192
-3.0,3,4.115659
-3.0,3,4.119741
-3.0,3,4.123715
-3.0,3,4.127295
-3.0,3,4.130857
-3.0,3,4.135619
-3.0,3,4.140643
-3.0,3,4.152317
-3.0,3,4.158725
-3.0,3,4.164495
-3.0,3,4.169539
-3.0,3,4.175397
-3.0,3,4.180086
-3.0,3,4.186786
-3.0,3,4.191467
-3.0,3,4.195521
-3.0,3,4.199517
-3.0,3,4.204102
-3.0,3,4.209102
-3.0,3,4.213541
-3.0,3,4.217674
-3.0,3,4.222893
-3.0,3,4.228265
-3.0,3,4.232469
-3.0,3,4.237132
-3.0,3,4.243541
-3.0,3,4.248614
-3.0,3,4.25276
-3.0,3,4.256839
-3.0,3,4.26118
-3.0,3,4.265266
-3.0,3,4.269871
-3.0,3,4.275506
-3.0,3,4.280442
-3.0,3,4.285575
-3.0,3,4.294128
-3.0,3,4.298722
-3.0,3,4.302898
-3.0,3,4.308036
-3.0,3,4.313195
-3.0,3,4.323138
-3.0,3,4.327611
-3.0,3,4.332247
-3.0,3,4.336717
-3.0,3,4.341043
-3.0,3,4.345086
-3.0,3,4.349236
-3.0,3,4.35473
-3.0,3,4.359442
-3.0,3,4.363764
-3.0,3,4.36864
-3.0,3,4.373232
-3.0,3,4.377487
-3.0,3,4.381433
-3.0,3,4.385652
-3.0,3,4.390904
-3.0,3,4.395238
-3.0,3,4.400161
-3.0,3,4.40483
-3.0,3,4.409405
-3.0,3,4.413478
-3.0,3,4.420465
-3.0,3,4.42784
-3.0,3,4.433415
-3.0,3,4.439639
-3.0,3,4.446466
-3.0,3,4.451835
-3.0,3,4.457224
-3.0,3,4.462383
-3.0,3,4.467026
-3.0,3,4.472299
-3.0,3,4.477191
-3.0,3,4.481081
-3.0,3,4.485388
-3.0,3,4.494318
-3.0,3,4.49837
-3.0,3,4.502776
-3.0,3,4.508375
-3.0,3,4.512991
-3.0,3,4.517001
-3.0,3,4.522407
-3.0,3,4.526882
-3.0,3,4.530931
-3.0,3,4.535399
-3.0,3,4.541464
-3.0,3,4.545391
-3.0,3,4.55009
-3.0,3,4.554969
-3.0,3,4.560072
-3.0,3,4.564395
-3.0,3,4.569095
-3.0,3,4.573943
-3.0,3,4.578525
-3.0,3,4.582638
-3.0,3,4.587512
-3.0,3,4.592448
-3.0,3,4.601244
-3.0,3,4.607596
-3.0,3,4.61448
-3.0,3,4.619425
-3.0,3,4.624187
-3.0,3,4.628344
-3.0,3,4.632161
-3.0,3,4.636877
-3.0,3,4.641736
-3.0,3,4.645797
-3.0,3,4.649737
-3.0,3,4.658132
-3.0,3,4.662924
-3.0,3,4.666786
-3.0,3,4.670774
-3.0,3,4.675443
-3.0,3,4.679583
-3.0,3,4.683564
-3.0,3,4.688101
-3.0,3,4.692236
-3.0,3,4.696084
-3.0,3,4.700121
-3.0,3,4.705449
-8.0,8,4.715861
-9.0,9,4.734004
-10.0,10,4.749729
-9.0,9,4.764026
-9.0,9,4.778268
-9.0,9,4.793373
-11.0,11,4.809473
-10.0,10,4.828039
-162.0,162,5.075386
-10.0,10,5.090577
-8.0,8,5.103773
-13.0,13,5.131774
-10.0,10,5.148517
-10.0,10,5.164097
-200.0,200,5.471021
-9.0,9,5.484095
-9.0,9,5.497522
-10.0,10,5.513284
-14.0,14,5.536563
-200.0,200,5.864623
-12.0,12,5.884394
-12.0,12,5.903224
-10.0,10,5.918304
-11.0,11,5.940705
-8.0,8,5.95427
-200.0,200,6.260093
-9.0,9,6.274226
-14.0,14,6.296564
-8.0,8,6.312594
-10.0,10,6.328272
-200.0,200,6.627868
-8.0,8,6.639139
-10.0,10,6.653371
-10.0,10,6.669042
-11.0,11,6.686002
-9.0,9,6.70426
-10.0,10,6.723819
-10.0,10,6.741536
-11.0,11,6.759624
-8.0,8,6.773675
-9.0,9,6.787249
-8.0,8,6.797442
-8.0,8,6.809019
-9.0,9,6.820975
-8.0,8,6.831291
-8.0,8,6.842611
-10.0,10,6.866907
-10.0,10,6.881693
-11.0,11,6.897115
-10.0,10,6.910918
-10.0,10,6.926238
-11.0,11,6.941926
-9.0,9,6.954425
-9.0,9,6.96921
-8.0,8,6.981481
-11.0,11,6.996979
-8.0,8,7.011675
-9.0,9,7.024206
-9.0,9,7.035966
-10.0,10,7.049654
-11.0,11,7.064659
-15.0,15,7.086474
-9.0,9,7.098355
-10.0,10,7.113247
-200.0,200,7.423791
-13.0,13,7.442151
-9.0,9,7.454918
-8.0,8,7.470739
-12.0,12,7.487293
-12.0,12,7.503833
-23.0,23,7.541112
-9.0,9,7.555164
-13.0,13,7.574427
-21.0,21,7.60563
-194.0,194,7.866232
-122.0,122,8.043348
-9.0,9,8.054153
-10.0,10,8.066385
-11.0,11,8.080975
-200.0,200,8.364433
-10.0,10,8.376616
-11.0,11,8.39152
-14.0,14,8.409473
-12.0,12,8.424739
-17.0,17,8.45125
-12.0,12,8.467052
-9.0,9,8.478619
-9.0,9,8.49045
-10.0,10,8.503767
-8.0,8,8.514321
-200.0,200,8.810942
-8.0,8,8.821205
-9.0,9,8.832708
-8.0,8,8.842854
-8.0,8,8.853183
-9.0,9,8.866016
-8.0,8,8.880481
-10.0,10,8.893252
-8.0,8,8.903448
-8.0,8,8.913969
-8.0,8,8.924269
-8.0,8,8.934905
-11.0,11,8.951721
-8.0,8,8.962628
-9.0,9,8.979606
-8.0,8,8.991753
-9.0,9,9.004403
-9.0,9,9.016449
-9.0,9,9.033768
-11.0,11,9.049569
-12.0,12,9.07252
-30.0,30,9.11712
-10.0,10,9.130817
-10.0,10,9.145156
-194.0,194,9.44153
-11.0,11,9.454787
-9.0,9,9.465899
-11.0,11,9.483341
-16.0,16,9.503006
-9.0,9,9.515465
-8.0,8,9.526902
-9.0,9,9.538344
-8.0,8,9.54812
-8.0,8,9.557675
-8.0,8,9.567159
-12.0,12,9.581188
-12.0,12,9.595477
-10.0,10,9.61168
-9.0,9,9.623471
-8.0,8,9.634605
-9.0,9,9.64626
-8.0,8,9.656541
-8.0,8,9.666937
-8.0,8,9.676439
-8.0,8,9.686745
-9.0,9,9.698098
-4.0,4,9.703444
-4.0,4,9.708526
-4.0,4,9.713733
-4.0,4,9.718895
-4.0,4,9.724125
-4.0,4,9.729373
-4.0,4,9.73833
-4.0,4,9.743478
-4.0,4,9.748628
-4.0,4,9.7538
-4.0,4,9.758849
-4.0,4,9.764092
-4.0,4,9.769383
-4.0,4,9.775002
-4.0,4,9.780124
-4.0,4,9.78539
-4.0,4,9.790573
-4.0,4,9.795597
-4.0,4,9.800658
-4.0,4,9.805807
-4.0,4,9.810989
-4.0,4,9.815982
-4.0,4,9.820945
-4.0,4,9.825946
-4.0,4,9.831182
-4.0,4,9.836185
-4.0,4,9.841312
-4.0,4,9.846478
-4.0,4,9.851811
-4.0,4,9.85804
-4.0,4,9.86455
-4.0,4,9.875031
-4.0,4,9.880253
-4.0,4,9.885532
-4.0,4,9.89067
-4.0,4,9.895737
-4.0,4,9.900955
-4.0,4,9.906059
-4.0,4,9.911223
-4.0,4,9.91627
-4.0,4,9.921415
-4.0,4,9.926544
-4.0,4,9.932637
-4.0,4,9.937741
-4.0,4,9.943017
-4.0,4,9.948229
-4.0,4,9.953396
-4.0,4,9.95856
-4.0,4,9.963772
-4.0,4,9.968925
-4.0,4,9.974164
-4.0,4,9.979429
-4.0,4,9.984746
-4.0,4,9.989975
-4.0,4,9.995176
-4.0,4,10.000267
-4.0,4,10.009593
-4.0,4,10.01498
-4.0,4,10.020315
-4.0,4,10.025499
-4.0,4,10.03083
-4.0,4,10.037074
-4.0,4,10.042464
-4.0,4,10.047811
-4.0,4,10.054068
-4.0,4,10.059575
-4.0,4,10.065106
-4.0,4,10.071565
-4.0,4,10.078072
-4.0,4,10.083866
-4.0,4,10.090472
-4.0,4,10.095972
-4.0,4,10.103341
-4.0,4,10.110469
-4.0,4,10.116254
-4.0,4,10.121913
-4.0,4,10.129891
-4.0,4,10.135132
-4.0,4,10.141436
-4.0,4,10.147073
-4.0,4,10.152443
-4.0,4,10.162768
-4.0,4,10.168713
-4.0,4,10.174501
-4.0,4,10.180952
-4.0,4,10.186465
-4.0,4,10.197254
-4.0,4,10.204186
-4.0,4,10.211306
-4.0,4,10.216964
-4.0,4,10.223217
-4.0,4,10.229857
-4.0,4,10.235353
-4.0,4,10.241251
-4.0,4,10.248881
-4.0,4,10.254301
-4.0,4,10.259868
-4.0,4,10.265021
-4.0,4,10.270247
-4.0,4,10.278432
-4.0,4,10.284363
-4.0,4,10.289718
-4.0,4,10.295344
-4.0,4,10.300542
-4.0,4,10.305974
-4.0,4,10.311884
-4.0,4,10.321803
-4.0,4,10.328806
-4.0,4,10.334418
-4.0,4,10.339877
-4.0,4,10.346042
-4.0,4,10.351718
-4.0,4,10.357771
-4.0,4,10.364435
-4.0,4,10.372009
-4.0,4,10.379241
-4.0,4,10.38466
-4.0,4,10.389961
-4.0,4,10.394794
-4.0,4,10.399681
-4.0,4,10.405237
-4.0,4,10.410989
-4.0,4,10.416042
-4.0,4,10.421533
-4.0,4,10.42651
-4.0,4,10.432467
-4.0,4,10.437634
-4.0,4,10.442414
-4.0,4,10.447412
-4.0,4,10.453152
-4.0,4,10.461047
-4.0,4,10.472219
-4.0,4,10.477932
-4.0,4,10.483528
-4.0,4,10.489399
-4.0,4,10.4955
-4.0,4,10.502935
-4.0,4,10.509893
-4.0,4,10.515284
-4.0,4,10.521241
-4.0,4,10.526305
-4.0,4,10.532962
-4.0,4,10.541168
-4.0,4,10.5471
-4.0,4,10.552248
-4.0,4,10.557809
-4.0,4,10.563597
-4.0,4,10.569052
-4.0,4,10.57473
-4.0,4,10.580611
-4.0,4,10.586374
-4.0,4,10.591824
-4.0,4,10.597791
-4.0,4,10.603876
-4.0,4,10.609065
-4.0,4,10.614661
-4.0,4,10.62498
-4.0,4,10.630682
-4.0,4,10.63632
-4.0,4,10.64161
-4.0,4,10.650161
-4.0,4,10.656774
-4.0,4,10.662116
-4.0,4,10.67067
-4.0,4,10.680914
-4.0,4,10.686395
-4.0,4,10.692344
-4.0,4,10.700982
-4.0,4,10.706625
-4.0,4,10.712837
-4.0,4,10.718514
-4.0,4,10.724209
-4.0,4,10.730789
-4.0,4,10.736265
-4.0,4,10.741634
-4.0,4,10.747293
-4.0,4,10.75322
-4.0,4,10.759075
-4.0,4,10.764313
-4.0,4,10.769627
-4.0,4,10.774918
-4.0,4,10.784261
-4.0,4,10.789594
-4.0,4,10.79509
-4.0,4,10.800511
-4.0,4,10.805823
-4.0,4,10.811219
-4.0,4,10.817464
-4.0,4,10.8227
-4.0,4,10.828123
-4.0,4,10.833537
-4.0,4,10.839099
-4.0,4,10.844496
-4.0,4,10.849381
-4.0,4,10.854346
-4.0,4,10.860034
-4.0,4,10.865431
-4.0,4,10.870505
-4.0,4,10.87552
-4.0,4,10.881051
-4.0,4,10.8863
-4.0,4,10.891395
-4.0,4,10.896921
-4.0,4,10.902298
-4.0,4,10.907516
-4.0,4,10.912961
-4.0,4,10.921885
-4.0,4,10.927413
-4.0,4,10.932628
-4.0,4,10.937826
-4.0,4,10.943102
-4.0,4,10.948522
-4.0,4,10.953842
-4.0,4,10.958856
-4.0,4,10.963879
-4.0,4,10.969058
-4.0,4,10.97415
-4.0,4,10.97932
-4.0,4,10.984519
-4.0,4,10.989629
-4.0,4,10.994699
-4.0,4,10.999823
-4.0,4,11.005033
-4.0,4,11.01037
-4.0,4,11.015621
-4.0,4,11.020865
-4.0,4,11.02587
-4.0,4,11.030982
-4.0,4,11.035819
-4.0,4,11.040742
-4.0,4,11.045482
-4.0,4,11.053923
-4.0,4,11.05873
-4.0,4,11.06361
-4.0,4,11.068569
-4.0,4,11.073981
-4.0,4,11.079752
-4.0,4,11.08498
-4.0,4,11.089959
-4.0,4,11.095505
-4.0,4,11.10108
-4.0,4,11.106505
-4.0,4,11.111762
-4.0,4,11.117024
-4.0,4,11.122232
-4.0,4,11.127602
-4.0,4,11.132911
-4.0,4,11.137946
-4.0,4,11.142944
-4.0,4,11.148067
-4.0,4,11.153187
-4.0,4,11.158311
-4.0,4,11.16382
-4.0,4,11.169003
-4.0,4,11.174161
-4.0,4,11.179234
-4.0,4,11.188293
-4.0,4,11.193748
-4.0,4,11.199369
-4.0,4,11.204595
-4.0,4,11.209808
-4.0,4,11.215153
-4.0,4,11.220429
-4.0,4,11.226724
-4.0,4,11.233191
-4.0,4,11.238282
-4.0,4,11.243687
-4.0,4,11.249167
-4.0,4,11.255473
-4.0,4,11.261752
-4.0,4,11.267207
-4.0,4,11.272643
-4.0,4,11.278801
-4.0,4,11.284491
-4.0,4,11.291075
-4.0,4,11.296851
-4.0,4,11.302504
-4.0,4,11.308727
-4.0,4,11.314395
-4.0,4,11.320518
-4.0,4,11.32709
-4.0,4,11.337679
-4.0,4,11.343424
-4.0,4,11.348945
-4.0,4,11.354696
-4.0,4,11.360087
-4.0,4,11.365468
-4.0,4,11.37104
-4.0,4,11.376631
-4.0,4,11.382096
-4.0,4,11.387412
-4.0,4,11.394708
-4.0,4,11.400512
-4.0,4,11.406588
-4.0,4,11.412512
-4.0,4,11.417818
-4.0,4,11.424248
-4.0,4,11.429772
-4.0,4,11.434864
-4.0,4,11.440543
-4.0,4,11.445755
-4.0,4,11.451043
-4.0,4,11.457801
-4.0,4,11.463471
-4.0,4,11.468669
-4.0,4,11.47521
-4.0,4,11.484501
-4.0,4,11.489502
-4.0,4,11.494794
-4.0,4,11.49989
-4.0,4,11.50488
-4.0,4,11.509736
-4.0,4,11.514845
-4.0,4,11.519647
-4.0,4,11.524642
-4.0,4,11.52952
-4.0,4,11.534549
-4.0,4,11.539388
-4.0,4,11.544523
-4.0,4,11.549588
-4.0,4,11.554939
-4.0,4,11.560157
-4.0,4,11.565772
-4.0,4,11.570834
-4.0,4,11.57584
-4.0,4,11.581317
-4.0,4,11.58655
-4.0,4,11.591727
-4.0,4,11.597954
-4.0,4,11.603066
-4.0,4,11.607704
-4.0,4,11.616662
-4.0,4,11.621673
-4.0,4,11.626519
-4.0,4,11.6315
-4.0,4,11.636527
-4.0,4,11.641485
-4.0,4,11.646441
-4.0,4,11.651041
-4.0,4,11.656219
-4.0,4,11.661532
-4.0,4,11.666757
-4.0,4,11.67183
-4.0,4,11.676871
-4.0,4,11.681884
-4.0,4,11.686946
-4.0,4,11.6919
-4.0,4,11.696999
-4.0,4,11.702675
-4.0,4,11.70804
-4.0,4,11.713423
-4.0,4,11.718479
-4.0,4,11.723627
-4.0,4,11.729136
-4.0,4,11.73427
-4.0,4,11.739705
-4.0,4,11.74946
-4.0,4,11.754702
-4.0,4,11.760843
-4.0,4,11.766467
-4.0,4,11.772418
-4.0,4,11.778422
-4.0,4,11.784107
-4.0,4,11.789904
-4.0,4,11.796239
-4.0,4,11.801855
-4.0,4,11.808072
-4.0,4,11.813838
-4.0,4,11.819214
-4.0,4,11.825845
-4.0,4,11.83175
-4.0,4,11.837958
-4.0,4,11.843308
-4.0,4,11.849025
-4.0,4,11.855074
-4.0,4,11.86211
-4.0,4,11.868747
-4.0,4,11.875004
-4.0,4,11.88097
-4.0,4,11.886425
-4.0,4,11.892086
-4.0,4,11.901541
-4.0,4,11.907317
-4.0,4,11.913203
-4.0,4,11.91819
-4.0,4,11.924998
-4.0,4,11.931169
-4.0,4,11.936971
-4.0,4,11.942826
-4.0,4,11.948653
-4.0,4,11.954059
-4.0,4,11.959372
-4.0,4,11.964704
-4.0,4,11.969947
-4.0,4,11.975746
-4.0,4,11.983456
-4.0,4,11.989542
-4.0,4,11.998375
-4.0,4,12.005365
-4.0,4,12.011344
-4.0,4,12.017237
-4.0,4,12.022841
-4.0,4,12.02907
-4.0,4,12.034328
-4.0,4,12.039762
-4.0,4,12.045289
-4.0,4,12.054256
-4.0,4,12.059362
-4.0,4,12.064912
-4.0,4,12.070032
-4.0,4,12.074843
-4.0,4,12.079951
-4.0,4,12.084892
-4.0,4,12.089797
-4.0,4,12.094756
-4.0,4,12.10001
-4.0,4,12.105062
-4.0,4,12.1103
-4.0,4,12.115348
-4.0,4,12.120492
-4.0,4,12.125577
-4.0,4,12.130649
-4.0,4,12.135729
-4.0,4,12.14096
-4.0,4,12.145983
-4.0,4,12.15106
-4.0,4,12.156193
-4.0,4,12.161311
-4.0,4,12.166434
-4.0,4,12.171598
-4.0,4,12.176749
-4.0,4,12.185983
-4.0,4,12.191281
-4.0,4,12.196454
-4.0,4,12.201699
-4.0,4,12.206849
-4.0,4,12.212339
-4.0,4,12.217573
-4.0,4,12.222775
-4.0,4,12.227905
-4.0,4,12.233106
-4.0,4,12.238342
-4.0,4,12.243537
-4.0,4,12.248902
-4.0,4,12.254183
-4.0,4,12.259281
-4.0,4,12.264684
-4.0,4,12.269869
-4.0,4,12.274998
-4.0,4,12.28215
-4.0,4,12.28853
-4.0,4,12.294207
-4.0,4,12.300045
-4.0,4,12.305707
-4.0,4,12.311277
-4.0,4,12.317021
-4.0,4,12.327261
-4.0,4,12.333296
-4.0,4,12.338807
-4.0,4,12.344238
-4.0,4,12.350003
-4.0,4,12.355536
-4.0,4,12.3614
-4.0,4,12.367079
-4.0,4,12.372519
-4.0,4,12.377813
-4.0,4,12.383874
-4.0,4,12.389818
-4.0,4,12.395659
-4.0,4,12.403062
-4.0,4,12.408646
-4.0,4,12.414371
-4.0,4,12.420403
-4.0,4,12.425449
-4.0,4,12.430458
-4.0,4,12.435357
-4.0,4,12.440376
-4.0,4,12.446035
-4.0,4,12.451748
-4.0,4,12.457249
-4.0,4,12.463002
-4.0,4,12.472227
-4.0,4,12.481243
-4.0,4,12.488761
-4.0,4,12.494387
-4.0,4,12.500847
-4.0,4,12.507714
-4.0,4,12.514005
-4.0,4,12.519665
-4.0,4,12.525302
-4.0,4,12.530706
-4.0,4,12.535679
-4.0,4,12.54063
-4.0,4,12.545839
-4.0,4,12.551106
-4.0,4,12.555903
-4.0,4,12.560623
-4.0,4,12.565387
-4.0,4,12.570397
-4.0,4,12.575167
-4.0,4,12.580021
-4.0,4,12.585069
-4.0,4,12.589868
-4.0,4,12.594931
-4.0,4,12.599732
-4.0,4,12.604646
-4.0,4,12.613496
-4.0,4,12.618369
-4.0,4,12.623369
-4.0,4,12.628239
-4.0,4,12.633208
-4.0,4,12.638268
-4.0,4,12.643131
-4.0,4,12.647788
-4.0,4,12.653032
-4.0,4,12.658149
-4.0,4,12.662999
-4.0,4,12.667699
-4.0,4,12.672443
-4.0,4,12.677164
-4.0,4,12.682074
-4.0,4,12.686822
-4.0,4,12.691657
-4.0,4,12.696588
-4.0,4,12.701554
-4.0,4,12.706218
-4.0,4,12.71125
-4.0,4,12.716134
-4.0,4,12.720951
-4.0,4,12.725657
-4.0,4,12.73047
-4.0,4,12.739188
-4.0,4,12.744101
-4.0,4,12.749162
-4.0,4,12.753788
-4.0,4,12.758547
-4.0,4,12.763634
-4.0,4,12.768756
-4.0,4,12.773649
-4.0,4,12.778598
-4.0,4,12.783775
-4.0,4,12.789029
-4.0,4,12.794272
-4.0,4,12.799863
-4.0,4,12.804992
-4.0,4,12.810326
-4.0,4,12.815754
-4.0,4,12.820809
-4.0,4,12.826107
-4.0,4,12.831341
-4.0,4,12.83674
-4.0,4,12.841805
-4.0,4,12.846945
-4.0,4,12.852201
-4.0,4,12.857644
-4.0,4,12.863082
-4.0,4,12.87249
-4.0,4,12.877895
-4.0,4,12.882975
-4.0,4,12.888201
-4.0,4,12.89334
-4.0,4,12.898494
-4.0,4,12.903671
-4.0,4,12.909052
-4.0,4,12.914381
-4.0,4,12.919725
-4.0,4,12.924957
-4.0,4,12.930052
-4.0,4,12.935259
-4.0,4,12.940262
-4.0,4,12.94549
-4.0,4,12.950719
-4.0,4,12.955926
-4.0,4,12.961146
-4.0,4,12.966217
-4.0,4,12.971525
-4.0,4,12.976572
-4.0,4,12.981901
-4.0,4,12.986975
-4.0,4,12.99225
-4.0,4,12.997371
-4.0,4,13.007087
-4.0,4,13.013307
-4.0,4,13.018908
-4.0,4,13.02423
-4.0,4,13.029545
-4.0,4,13.034828
-4.0,4,13.039964
-4.0,4,13.045092
-4.0,4,13.050111
-4.0,4,13.054926
-4.0,4,13.059971
-4.0,4,13.065605
-4.0,4,13.070667
-4.0,4,13.07599
-4.0,4,13.081073
-4.0,4,13.086038
-4.0,4,13.091567
-4.0,4,13.096897
-4.0,4,13.102183
-4.0,4,13.107125
-4.0,4,13.112166
-4.0,4,13.117398
-4.0,4,13.122699
-4.0,4,13.127975
-4.0,4,13.133058
-4.0,4,13.141866
-4.0,4,13.14688
-4.0,4,13.151838
-4.0,4,13.156918
-4.0,4,13.161888
-4.0,4,13.16691
-4.0,4,13.172
-4.0,4,13.17713
-4.0,4,13.182069
-4.0,4,13.187296
-4.0,4,13.192364
-4.0,4,13.197602
-4.0,4,13.202799
-4.0,4,13.207849
-4.0,4,13.212964
-4.0,4,13.21809
-4.0,4,13.223476
-4.0,4,13.228698
-4.0,4,13.233826
-4.0,4,13.238899
-4.0,4,13.243913
-4.0,4,13.249243
-4.0,4,13.254366
-4.0,4,13.259283
-4.0,4,13.264222
-4.0,4,13.272949
-4.0,4,13.278386
-4.0,4,13.283466
-4.0,4,13.288649
-4.0,4,13.293558
-4.0,4,13.298965
-4.0,4,13.304365
-4.0,4,13.309486
-4.0,4,13.314586
-4.0,4,13.319803
-4.0,4,13.325066
-4.0,4,13.330189
-4.0,4,13.335805
-4.0,4,13.341243
-4.0,4,13.346435
-4.0,4,13.351753
-4.0,4,13.357122
-4.0,4,13.362647
-4.0,4,13.367804
-4.0,4,13.372952
-4.0,4,13.377679
-4.0,4,13.382581
-4.0,4,13.387393
-4.0,4,13.392138
-4.0,4,13.396954
-4.0,4,13.405658
-4.0,4,13.410583
-4.0,4,13.415525
-4.0,4,13.420483
-4.0,4,13.425328
-4.0,4,13.430127
-4.0,4,13.435091
-4.0,4,13.440035
-4.0,4,13.444902
-4.0,4,13.449855
-4.0,4,13.454468
-4.0,4,13.459282
-4.0,4,13.464001
-4.0,4,13.468844
-4.0,4,13.473784
-4.0,4,13.478832
-4.0,4,13.483711
-4.0,4,13.488549
-4.0,4,13.493392
-4.0,4,13.498033
-4.0,4,13.502683
-4.0,4,13.507971
-4.0,4,13.512889
-4.0,4,13.517852
-4.0,4,13.522795
-4.0,4,13.531595
-4.0,4,13.536729
-4.0,4,13.541839
-4.0,4,13.546845
-4.0,4,13.551756
-4.0,4,13.556677
-4.0,4,13.561471
-4.0,4,13.566365
-4.0,4,13.571036
-4.0,4,13.575864
-4.0,4,13.580671
-4.0,4,13.585694
-4.0,4,13.590533
-4.0,4,13.595343
-4.0,4,13.600152
-4.0,4,13.604953
-4.0,4,13.609706
-4.0,4,13.614621
-4.0,4,13.619452
-4.0,4,13.624275
-4.0,4,13.629083
-4.0,4,13.633926
-4.0,4,13.638652
-4.0,4,13.643415
-4.0,4,13.648327
-4.0,4,13.657717
-4.0,4,13.66331
-4.0,4,13.668537
-4.0,4,13.673809
-4.0,4,13.679199
-4.0,4,13.684413
-4.0,4,13.68956
-4.0,4,13.694665
-4.0,4,13.699941
-4.0,4,13.705172
-4.0,4,13.710245
-4.0,4,13.715381
-4.0,4,13.720357
-4.0,4,13.725625
-4.0,4,13.730661
-4.0,4,13.736009
-4.0,4,13.741238
-4.0,4,13.746355
-4.0,4,13.751638
-4.0,4,13.756838
-4.0,4,13.762104
-4.0,4,13.76727
-4.0,4,13.772346
-4.0,4,13.777569
-4.0,4,13.78268
-4.0,4,13.792259
-4.0,4,13.797476
-4.0,4,13.802615
-4.0,4,13.807835
-4.0,4,13.813138
-4.0,4,13.818335
-4.0,4,13.823544
-4.0,4,13.828723
-4.0,4,13.83389
-4.0,4,13.838886
-4.0,4,13.843925
-4.0,4,13.849029
-4.0,4,13.854207
-4.0,4,13.860115
-4.0,4,13.865732
-4.0,4,13.871166
-4.0,4,13.876081
-4.0,4,13.88131
-4.0,4,13.886539
-4.0,4,13.891611
-4.0,4,13.896762
-4.0,4,13.901758
-4.0,4,13.906733
-4.0,4,13.911872
-4.0,4,13.917027
-4.0,4,13.92654
-4.0,4,13.931841
-4.0,4,13.937038
-4.0,4,13.942454
-4.0,4,13.947693
-4.0,4,13.952785
-4.0,4,13.957937
-4.0,4,13.96305
-4.0,4,13.968137
-4.0,4,13.973253
-4.0,4,13.97837
-4.0,4,13.983569
-4.0,4,13.9887
-4.0,4,13.993892
-4.0,4,13.998839
-4.0,4,14.003921
-4.0,4,14.008955
-4.0,4,14.014119
-4.0,4,14.019184
-4.0,4,14.02427
-4.0,4,14.029367
-4.0,4,14.03443
-4.0,4,14.039545
-4.0,4,14.044714
-4.0,4,14.049915
-4.0,4,14.05925
-4.0,4,14.064762
-4.0,4,14.070391
-4.0,4,14.07591
-4.0,4,14.081308
-4.0,4,14.086759
-4.0,4,14.091854
-4.0,4,14.097051
-4.0,4,14.10221
-4.0,4,14.107275
-4.0,4,14.112396
-4.0,4,14.117514
-4.0,4,14.122627
-4.0,4,14.127873
-4.0,4,14.132961
-4.0,4,14.1382
-4.0,4,14.143276
-4.0,4,14.148338
-4.0,4,14.153381
-4.0,4,14.158424
-4.0,4,14.164076
-4.0,4,14.169206
-4.0,4,14.174192
-4.0,4,14.179254
-4.0,4,14.184533
-4.0,4,14.19372
-4.0,4,14.199021
-4.0,4,14.204234
-4.0,4,14.209177
-4.0,4,14.214396
-4.0,4,14.219644
-4.0,4,14.224879
-4.0,4,14.22995
-4.0,4,14.234997
-4.0,4,14.240137
-4.0,4,14.245342
-4.0,4,14.250318
-4.0,4,14.255272
-4.0,4,14.260328
-4.0,4,14.265453
-4.0,4,14.270654
-4.0,4,14.275704
-4.0,4,14.28078
-4.0,4,14.286004
-4.0,4,14.290982
-4.0,4,14.296127
-4.0,4,14.301304
-4.0,4,14.306299
-4.0,4,14.311365
-4.0,4,14.31673
-4.0,4,14.326297
-9.0,9,14.337966
-9.0,9,14.349596
-9.0,9,14.361529
-9.0,9,14.372777
-9.0,9,14.384781
-9.0,9,14.395414
-9.0,9,14.406117
-9.0,9,14.417277
-9.0,9,14.427916
-9.0,9,14.438663
-9.0,9,14.453331
-9.0,9,14.464296
-10.0,10,14.476398
-9.0,9,14.487386
-9.0,9,14.498241
-9.0,9,14.508821
-9.0,9,14.519413
-9.0,9,14.530038
-9.0,9,14.540896
-9.0,9,14.552045
-9.0,9,14.562927
-9.0,9,14.578027
-9.0,9,14.589229
-9.0,9,14.600127
-9.0,9,14.611495
-9.0,9,14.622513
-9.0,9,14.633327
-9.0,9,14.644038
-9.0,9,14.654981
-9.0,9,14.665694
-9.0,9,14.676649
-9.0,9,14.68731
-9.0,9,14.69803
-9.0,9,14.712667
-9.0,9,14.723461
-9.0,9,14.734214
-9.0,9,14.745279
-9.0,9,14.75628
-10.0,10,14.768456
-9.0,9,14.779649
-9.0,9,14.791224
-9.0,9,14.80273
-9.0,9,14.814066
-9.0,9,14.825885
-9.0,9,14.84156
-9.0,9,14.853386
-9.0,9,14.866159
-9.0,9,14.877449
-9.0,9,14.889151
-9.0,9,14.900716
-9.0,9,14.912328
-9.0,9,14.923699
-9.0,9,14.935449
-9.0,9,14.947009
-9.0,9,14.958516
-9.0,9,14.974443
-9.0,9,14.986123
-9.0,9,14.997332
-9.0,9,15.008826
-9.0,9,15.020328
-9.0,9,15.031884
-10.0,10,15.046514
-9.0,9,15.057805
-9.0,9,15.069493
-9.0,9,15.081069
-9.0,9,15.092623
-9.0,9,15.108672
-9.0,9,15.120247
-9.0,9,15.132167
-9.0,9,15.143613
-9.0,9,15.15516
-9.0,9,15.166389
-9.0,9,15.177899
-9.0,9,15.189568
-9.0,9,15.201198
-9.0,9,15.212798
-9.0,9,15.225121
-9.0,9,15.241015
-9.0,9,15.252792
-9.0,9,15.264362
-9.0,9,15.276472
-9.0,9,15.288113
-9.0,9,15.299395
-9.0,9,15.310508
-9.0,9,15.321975
-9.0,9,15.333164
-9.0,9,15.345548
-9.0,9,15.356839
-9.0,9,15.372041
-9.0,9,15.383482
-9.0,9,15.394964
-9.0,9,15.406658
-9.0,9,15.418623
-9.0,9,15.430206
-9.0,9,15.441612
-9.0,9,15.453007
-9.0,9,15.464099
-9.0,9,15.475709
-9.0,9,15.487188
-9.0,9,15.502557
-9.0,9,15.514186
-9.0,9,15.52658
-9.0,9,15.538054
-9.0,9,15.549709
-9.0,9,15.561886
-9.0,9,15.573512
-9.0,9,15.584919
-9.0,9,15.59673
-9.0,9,15.608348
-9.0,9,15.619723
-9.0,9,15.635142
-9.0,9,15.64698
-9.0,9,15.658026
-9.0,9,15.669534
-9.0,9,15.681308
-9.0,9,15.692652
-9.0,9,15.704014
-9.0,9,15.714763
-9.0,9,15.7255
-9.0,9,15.736768
-9.0,9,15.748187
-9.0,9,15.763533
-9.0,9,15.775003
-9.0,9,15.786662
-9.0,9,15.798232
-9.0,9,15.809594
-9.0,9,15.820997
-9.0,9,15.83245
-9.0,9,15.843956
-9.0,9,15.855137
-9.0,9,15.867668
-9.0,9,15.879123
-9.0,9,15.894832
-9.0,9,15.906247
-9.0,9,15.917869
-9.0,9,15.929551
-9.0,9,15.941009
-9.0,9,15.952364
-9.0,9,15.963487
-9.0,9,15.97467
-9.0,9,15.986192
-9.0,9,15.997385
-9.0,9,16.0088
-9.0,9,16.02448
-9.0,9,16.035875
-9.0,9,16.04747
-9.0,9,16.059144
-9.0,9,16.07166
-9.0,9,16.083752
-9.0,9,16.095226
-9.0,9,16.10702
-9.0,9,16.11857
-9.0,9,16.130281
-9.0,9,16.141931
-9.0,9,16.154488
-9.0,9,16.170623
-9.0,9,16.182129
-9.0,9,16.19354
-9.0,9,16.205144
-9.0,9,16.216786
-9.0,9,16.228504
-9.0,9,16.240156
-9.0,9,16.251656
-9.0,9,16.262969
-9.0,9,16.274577
-9.0,9,16.286299
-9.0,9,16.301405
-9.0,9,16.312498
-9.0,9,16.323108
-9.0,9,16.333883
-9.0,9,16.344596
-9.0,9,16.355397
-9.0,9,16.366248
-9.0,9,16.377024
-9.0,9,16.387772
-9.0,9,16.398582
-9.0,9,16.409362
-9.0,9,16.424085
-10.0,10,16.436549
-9.0,9,16.447441
-9.0,9,16.458353
-9.0,9,16.469404
-9.0,9,16.480688
-9.0,9,16.491903
-9.0,9,16.503413
-9.0,9,16.514575
-9.0,9,16.525709
-9.0,9,16.536911
-9.0,9,16.552457
-9.0,9,16.563792
-9.0,9,16.57508
-9.0,9,16.586612
-9.0,9,16.598165
-9.0,9,16.609498
-9.0,9,16.620992
-9.0,9,16.632178
-9.0,9,16.643388
-10.0,10,16.655812
-9.0,9,16.667291
-9.0,9,16.682709
-9.0,9,16.694125
-9.0,9,16.705579
-9.0,9,16.717028
-9.0,9,16.728405
-9.0,9,16.73986
-9.0,9,16.751364
-9.0,9,16.762811
-9.0,9,16.774021
-9.0,9,16.785053
-9.0,9,16.796305
-9.0,9,16.811944
-9.0,9,16.823367
-9.0,9,16.834907
-9.0,9,16.84618
-9.0,9,16.85769
-9.0,9,16.870146
-9.0,9,16.881404
-9.0,9,16.892756
-9.0,9,16.904313
-9.0,9,16.915773
-9.0,9,16.927117
-9.0,9,16.942876
-9.0,9,16.954244
-9.0,9,16.965739
-9.0,9,16.97706
-9.0,9,16.988818
-9.0,9,17.000288
-9.0,9,17.011521
-9.0,9,17.022827
-9.0,9,17.034141
-9.0,9,17.04537
-9.0,9,17.056616
-9.0,9,17.072994
-9.0,9,17.084649
-9.0,9,17.095982
-9.0,9,17.107444
-9.0,9,17.118594
-9.0,9,17.129965
-9.0,9,17.141428
-9.0,9,17.152822
-9.0,9,17.16411
-9.0,9,17.175359
-9.0,9,17.186538
-9.0,9,17.202976
-9.0,9,17.214913
-9.0,9,17.22657
-10.0,10,17.238543
-9.0,9,17.249337
-9.0,9,17.259967
-9.0,9,17.270788
-9.0,9,17.281444
-9.0,9,17.292723
-9.0,9,17.303703
-9.0,9,17.314692
-9.0,9,17.329576
-9.0,9,17.340485
-9.0,9,17.351245
-9.0,9,17.36194
-9.0,9,17.372432
-9.0,9,17.383395
-9.0,9,17.394109
-9.0,9,17.404984
-9.0,9,17.415859
-9.0,9,17.426826
-9.0,9,17.437561
-9.0,9,17.452075
-9.0,9,17.462724
-9.0,9,17.473496
-9.0,9,17.484717
-9.0,9,17.495638
-9.0,9,17.507389
-9.0,9,17.518133
-9.0,9,17.528895
-9.0,9,17.539589
-9.0,9,17.550391
-9.0,9,17.561764
-9.0,9,17.577067
-9.0,9,17.588794
-9.0,9,17.600245
-9.0,9,17.611822
-9.0,9,17.62293
-9.0,9,17.634094
-9.0,9,17.64539
-9.0,9,17.656585
-9.0,9,17.667858
-9.0,9,17.679192
-9.0,9,17.691511
-9.0,9,17.703389
-9.0,9,17.719569
-9.0,9,17.731497
-9.0,9,17.742898
-9.0,9,17.754276
-9.0,9,17.765416
-9.0,9,17.777207
-9.0,9,17.788216
-9.0,9,17.799237
-9.0,9,17.810535
-9.0,9,17.821754
-9.0,9,17.832918
-9.0,9,17.84781
-9.0,9,17.859933
-9.0,9,17.872514
-9.0,9,17.884141
-9.0,9,17.895867
-9.0,9,17.90735
-9.0,9,17.918986
-9.0,9,17.930598
-9.0,9,17.94169
-9.0,9,17.954064
-9.0,9,17.967509
-9.0,9,17.983767
-9.0,9,17.995518
-9.0,9,18.007362
-9.0,9,18.019311
-9.0,9,18.030987
-9.0,9,18.043559
-9.0,9,18.056236
-9.0,9,18.068528
-9.0,9,18.079978
-9.0,9,18.091596
-9.0,9,18.102814
-9.0,9,18.118634
-9.0,9,18.131036
-9.0,9,18.143126
-9.0,9,18.15533
-9.0,9,18.16819
-9.0,9,18.180875
-9.0,9,18.19366
-9.0,9,18.206203
-9.0,9,18.217838
-9.0,9,18.230105
-9.0,9,18.241993
-9.0,9,18.258117
-9.0,9,18.268875
-9.0,9,18.279542
-9.0,9,18.290776
-9.0,9,18.301533
-9.0,9,18.312391
-9.0,9,18.323314
-9.0,9,18.334178
-9.0,9,18.345103
-9.0,9,18.356197
-9.0,9,18.366999
-9.0,9,18.381581
-9.0,9,18.392856
-9.0,9,18.403879
-9.0,9,18.414925
-9.0,9,18.425698
-9.0,9,18.436513
-9.0,9,18.447836
-9.0,9,18.458879
-9.0,9,18.469959
-9.0,9,18.480737
-9.0,9,18.491486
-9.0,9,18.506274
-9.0,9,18.517044
-9.0,9,18.527703
-9.0,9,18.539403
-9.0,9,18.550766
-9.0,9,18.562217
-9.0,9,18.573776
-9.0,9,18.584957
-9.0,9,18.596271
-9.0,9,18.607831
-9.0,9,18.619486
-9.0,9,18.635209
-9.0,9,18.646711
-9.0,9,18.659028
-9.0,9,18.670448
-9.0,9,18.681776
-14.0,14,18.69947
-14.0,14,18.717053
-15.0,15,18.735861
-14.0,14,18.753553
-14.0,14,18.775998
-14.0,14,18.793843
-14.0,14,18.811635
-14.0,14,18.829426
-14.0,14,18.847037
-14.0,14,18.865542
-14.0,14,18.882919
-14.0,14,18.904721
-14.0,14,18.922576
-14.0,14,18.940147
-14.0,14,18.957341
-14.0,14,18.974853
-14.0,14,18.993749
-14.0,14,19.01271
-14.0,14,19.035193
-14.0,14,19.053619
-14.0,14,19.072897
-14.0,14,19.092124
-15.0,15,19.11112
-14.0,14,19.128459
-14.0,14,19.144954
-14.0,14,19.165838
-14.0,14,19.182621
-14.0,14,19.199395
-14.0,14,19.216241
-14.0,14,19.232791
-14.0,14,19.249416
-14.0,14,19.266247
-14.0,14,19.287038
-14.0,14,19.303848
-14.0,14,19.32058
-14.0,14,19.337034
-14.0,14,19.354038
-14.0,14,19.371624
-15.0,15,19.390119
-15.0,15,19.413196
-14.0,14,19.43116
-14.0,14,19.448631
-14.0,14,19.466146
-15.0,15,19.485051
-14.0,14,19.502592
-15.0,15,19.521178
-14.0,14,19.543111
-14.0,14,19.56107
-14.0,14,19.578799
-14.0,14,19.59665
-14.0,14,19.614389
-14.0,14,19.632358
-14.0,14,19.64979
-14.0,14,19.667849
-14.0,14,19.689986
-14.0,14,19.707806
-14.0,14,19.725391
-14.0,14,19.743216
-14.0,14,19.760856
-14.0,14,19.778247
-14.0,14,19.79544
-14.0,14,19.817583
-14.0,14,19.835217
-14.0,14,19.852621
-14.0,14,19.871641
-14.0,14,19.889303
-14.0,14,19.90713
-14.0,14,19.924689
-15.0,15,19.947834
-14.0,14,19.965466
-14.0,14,19.982804
-14.0,14,20.000697
-14.0,14,20.018616
-14.0,14,20.036254
-14.0,14,20.054161
-14.0,14,20.076461
-14.0,14,20.094408
-14.0,14,20.112095
-14.0,14,20.12918
-14.0,14,20.146506
-14.0,14,20.163738
-14.0,14,20.181657
-14.0,14,20.203752
-14.0,14,20.221514
-14.0,14,20.239298
-14.0,14,20.257012
-14.0,14,20.274462
-14.0,14,20.292223
-14.0,14,20.309579
-14.0,14,20.331069
-14.0,14,20.348675
-14.0,14,20.366629
-14.0,14,20.384426
-14.0,14,20.402224
-14.0,14,20.419125
-14.0,14,20.436054
-14.0,14,20.456706
-14.0,14,20.473288
-14.0,14,20.490677
-14.0,14,20.507271
-14.0,14,20.524716
-14.0,14,20.541631
-14.0,14,20.558431
-14.0,14,20.578795
-14.0,14,20.596171
-14.0,14,20.61318
-14.0,14,20.629891
-14.0,14,20.646527
-14.0,14,20.664196
-14.0,14,20.682357
-14.0,14,20.700343
-14.0,14,20.723858
-14.0,14,20.742477
-14.0,14,20.761085
-15.0,15,20.780025
-14.0,14,20.797719
-14.0,14,20.8169
-14.0,14,20.835546
-14.0,14,20.860261
-14.0,14,20.879975
-16.0,16,20.901621
-14.0,14,20.921478
-15.0,15,20.944059
-14.0,14,20.962762
-14.0,14,20.981411
-14.0,14,21.004334
-14.0,14,21.022953
-14.0,14,21.041263
-14.0,14,21.058673
-14.0,14,21.076583
-14.0,14,21.094683
-14.0,14,21.112137
-14.0,14,21.134159
-14.0,14,21.151635
-14.0,14,21.169251
-14.0,14,21.186503
-14.0,14,21.203924
-14.0,14,21.221698
-14.0,14,21.239185
-15.0,15,21.262299
-14.0,14,21.281309
-14.0,14,21.299583
-14.0,14,21.317648
-14.0,14,21.335268
-14.0,14,21.353105
-15.0,15,21.371946
-14.0,14,21.393826
-14.0,14,21.411452
-14.0,14,21.429264
-14.0,14,21.446852
-14.0,14,21.464344
-14.0,14,21.482241
-14.0,14,21.500071
-14.0,14,21.522444
-14.0,14,21.53996
-14.0,14,21.558337
-15.0,15,21.57724
-14.0,14,21.59501
-14.0,14,21.612983
-14.0,14,21.630576
-14.0,14,21.652814
-14.0,14,21.670388
-14.0,14,21.688677
-14.0,14,21.706133
-14.0,14,21.723555
-14.0,14,21.741287
-14.0,14,21.758893
-14.0,14,21.78072
-14.0,14,21.798684
-14.0,14,21.816358
-14.0,14,21.834004
-14.0,14,21.851515
-14.0,14,21.870056
-14.0,14,21.887828
-14.0,14,21.909894
-14.0,14,21.927642
-14.0,14,21.945749
-14.0,14,21.963151
-14.0,14,21.9808
-14.0,14,21.998348
-15.0,15,22.01685
-14.0,14,22.039468
-14.0,14,22.057229
-14.0,14,22.076496
-14.0,14,22.094459
-14.0,14,22.112191
-14.0,14,22.12996
-14.0,14,22.148801
-14.0,14,22.169998
-14.0,14,22.202068
-14.0,14,22.225145
-14.0,14,22.245374
-14.0,14,22.265531
-14.0,14,22.283966
-14.0,14,22.30137
-14.0,14,22.319933
-14.0,14,22.341975
-14.0,14,22.359251
-14.0,14,22.376328
-14.0,14,22.394801
-14.0,14,22.413026
-14.0,14,22.43039
-14.0,14,22.44826
-14.0,14,22.469741
-14.0,14,22.487216
-14.0,14,22.504783
-14.0,14,22.52245
-14.0,14,22.540031
-14.0,14,22.55783
-14.0,14,22.575003
-14.0,14,22.596404
-14.0,14,22.613775
-14.0,14,22.63109
-14.0,14,22.648408
-14.0,14,22.665554
-15.0,15,22.684479
-15.0,15,22.703361
-14.0,14,22.7248
-14.0,14,22.742686
-14.0,14,22.760951
-14.0,14,22.77729
-15.0,15,22.795118
-14.0,14,22.811758
-14.0,14,22.829018
-14.0,14,22.851239
-14.0,14,22.86977
-15.0,15,22.888576
-14.0,14,22.906252
-14.0,14,22.923652
-14.0,14,22.942176
-14.0,14,22.960003
-14.0,14,22.981882
-15.0,15,23.000721
-14.0,14,23.018658
-14.0,14,23.036302
-14.0,14,23.053935
-14.0,14,23.07172
-19.0,19,23.095451
-20.0,20,23.12494
-19.0,19,23.148724
-19.0,19,23.172775
-19.0,19,23.197025
-19.0,19,23.22081
-19.0,19,23.248731
-19.0,19,23.273126
-19.0,19,23.296474
-19.0,19,23.320268
-19.0,19,23.343493
-19.0,19,23.371358
-19.0,19,23.395438
-19.0,19,23.419591
-19.0,19,23.443256
-19.0,19,23.466842
-19.0,19,23.490558
-19.0,19,23.518872
-19.0,19,23.542948
-19.0,19,23.566872
-19.0,19,23.590548
-19.0,19,23.614322
-19.0,19,23.64226
-19.0,19,23.666657
-19.0,19,23.690752
-19.0,19,23.714513
-20.0,20,23.738973
-19.0,19,23.767197
-20.0,20,23.793115
-19.0,19,23.816866
-19.0,19,23.840767
-19.0,19,23.86543
-19.0,19,23.893774
-19.0,19,23.918298
-19.0,19,23.942572
-19.0,19,23.966633
-19.0,19,23.990655
-19.0,19,24.018621
-19.0,19,24.042395
-20.0,20,24.067721
-19.0,19,24.091923
-19.0,19,24.115509
-19.0,19,24.139321
-19.0,19,24.167723
-20.0,20,24.193481
-19.0,19,24.21694
-20.0,20,24.241571
-20.0,20,24.266937
-19.0,19,24.295122
-19.0,19,24.318798
-19.0,19,24.34289
-19.0,19,24.366321
-19.0,19,24.390014
-21.0,21,24.420719
-19.0,19,24.444666
-19.0,19,24.468484
-19.0,19,24.492689
-19.0,19,24.516559
-19.0,19,24.544835
-19.0,19,24.56898
-21.0,21,24.595587
-19.0,19,24.619459
-21.0,21,24.645967
-19.0,19,24.674664
-19.0,19,24.698326
-19.0,19,24.722282
-19.0,19,24.745924
-19.0,19,24.770306
-19.0,19,24.793914
-19.0,19,24.821965
-19.0,19,24.845894
-19.0,19,24.87047
-19.0,19,24.894253
-19.0,19,24.917824
-19.0,19,24.945426
-22.0,22,24.972952
-19.0,19,24.996057
-19.0,19,25.019474
-19.0,19,25.042907
-19.0,19,25.071547
-19.0,19,25.098294
-19.0,19,25.122485
-19.0,19,25.145008
-19.0,19,25.167428
-19.0,19,25.194536
-19.0,19,25.216699
-19.0,19,25.240178
-19.0,19,25.262748
-19.0,19,25.286555
-19.0,19,25.314877
-19.0,19,25.339473
-19.0,19,25.363571
-21.0,21,25.390038
-19.0,19,25.413475
-21.0,21,25.444222
-19.0,19,25.468765
-19.0,19,25.492775
-19.0,19,25.516732
-19.0,19,25.540352
-19.0,19,25.564215
-19.0,19,25.592785
-19.0,19,25.617066
-19.0,19,25.640769
-19.0,19,25.66457
-19.0,19,25.688438
-19.0,19,25.719357
-19.0,19,25.746582
-19.0,19,25.772947
-19.0,19,25.805185
-19.0,19,25.83155
-19.0,19,25.863889
-19.0,19,25.890873
-19.0,19,25.917232
-19.0,19,25.944031
-19.0,19,25.971125
-19.0,19,25.997158
-19.0,19,26.028183
-19.0,19,26.054403
-19.0,19,26.080808
-19.0,19,26.10736
-19.0,19,26.133621
-19.0,19,26.164708
-19.0,19,26.190682
-21.0,21,26.219476
-19.0,19,26.245889
-21.0,21,26.275304
-19.0,19,26.306274
-19.0,19,26.332546
-19.0,19,26.358718
-20.0,20,26.386233
-19.0,19,26.412591
-19.0,19,26.443273
-20.0,20,26.470845
-19.0,19,26.498172
-19.0,19,26.524239
-19.0,19,26.550747
-19.0,19,26.582284
-19.0,19,26.609166
-19.0,19,26.636193
-19.0,19,26.662079
-19.0,19,26.688179
-19.0,19,26.714363
-19.0,19,26.74621
-19.0,19,26.77286
-19.0,19,26.799854
-19.0,19,26.82589
-19.0,19,26.851749
-19.0,19,26.884435
-19.0,19,26.912277
-19.0,19,26.938644
-19.0,19,26.965215
-19.0,19,26.991295
-19.0,19,27.022236
-19.0,19,27.048526
-19.0,19,27.075445
-20.0,20,27.103365
-19.0,19,27.130904
-19.0,19,27.158288
-19.0,19,27.182442
-19.0,19,27.206265
-19.0,19,27.230311
-19.0,19,27.253955
-21.0,21,27.284126
-19.0,19,27.309029
-19.0,19,27.333085
-19.0,19,27.356865
-19.0,19,27.380498
-19.0,19,27.403772
-19.0,19,27.431378
-19.0,19,27.454631
-19.0,19,27.47922
-19.0,19,27.501531
-20.0,20,27.525651
-19.0,19,27.554375
-24.0,24,27.584279
-24.0,24,27.614298
-27.0,27,27.648068
-24.0,24,27.682148
-24.0,24,27.712944
-24.0,24,27.742812
-24.0,24,27.77303
-24.0,24,27.807822
-24.0,24,27.838329
-24.0,24,27.870266
-24.0,24,27.900101
-24.0,24,27.93467
-24.0,24,27.965851
-24.0,24,27.997043
-24.0,24,28.027155
-24.0,24,28.057159
-24.0,24,28.092917
-24.0,24,28.123844
-24.0,24,28.15423
-24.0,24,28.185612
-25.0,25,28.22527
-24.0,24,28.259368
-26.0,26,28.295272
-24.0,24,28.328886
-25.0,25,28.369084
-24.0,24,28.402559
-24.0,24,28.435654
-25.0,25,28.470672
-26.0,26,28.513366
-24.0,24,28.546506
-24.0,24,28.580019
-24.0,24,28.613025
-24.0,24,28.651072
-26.0,26,28.687888
-24.0,24,28.720896
-24.0,24,28.754497
-24.0,24,28.792452
-24.0,24,28.826064
-25.0,25,28.861431
-24.0,24,28.896192
-24.0,24,28.934232
-24.0,24,28.967826
-24.0,24,29.001114
-24.0,24,29.034527
-24.0,24,29.072724
-24.0,24,29.107644
-25.0,25,29.142879
-24.0,24,29.176079
-24.0,24,29.213738
-24.0,24,29.247238
-25.0,25,29.281485
-24.0,24,29.31493
-24.0,24,29.348175
-24.0,24,29.387326
-24.0,24,29.420519
-27.0,27,29.458419
-24.0,24,29.492481
-24.0,24,29.525682
-24.0,24,29.556644
-24.0,24,29.586508
-24.0,24,29.617154
-24.0,24,29.651069
-25.0,25,29.68206
-26.0,26,29.714468
-24.0,24,29.744243
-25.0,25,29.780226
-25.0,25,29.811276
-24.0,24,29.841381
-24.0,24,29.872341
-24.0,24,29.905569
-24.0,24,29.93451
-24.0,24,29.963722
-24.0,24,29.99331
-25.0,25,30.027303
-24.0,24,30.056898
-24.0,24,30.088686
-24.0,24,30.118877
-24.0,24,30.153675
-24.0,24,30.185319
-24.0,24,30.216964
-27.0,27,30.251642
-24.0,24,30.286407
-24.0,24,30.318061
-24.0,24,30.349256
-24.0,24,30.379775
-24.0,24,30.41382
-24.0,24,30.443392
-24.0,24,30.47245
-24.0,24,30.500903
-27.0,27,30.538701
-24.0,24,30.569474
-24.0,24,30.599991
-24.0,24,30.630757
-24.0,24,30.667207
-24.0,24,30.710536
-24.0,24,30.748011
-24.0,24,30.785204
-24.0,24,30.821666
-24.0,24,30.86551
-24.0,24,30.903156
-24.0,24,30.940484
-24.0,24,30.977852
-24.0,24,31.021841
-24.0,24,31.060497
-24.0,24,31.098945
-24.0,24,31.135591
-24.0,24,31.17861
-27.0,27,31.221001
-24.0,24,31.259053
-24.0,24,31.296475
-25.0,25,31.340956
-24.0,24,31.37921
-25.0,25,31.41784
-24.0,24,31.454855
-24.0,24,31.49772
-24.0,24,31.535601
-24.0,24,31.572778
-24.0,24,31.610388
-24.0,24,31.65271
-24.0,24,31.690735
-27.0,27,31.732057
-24.0,24,31.769118
-24.0,24,31.811463
-24.0,24,31.85116
-24.0,24,31.883991
-24.0,24,31.912997
-24.0,24,31.943294
-25.0,25,31.979143
-24.0,24,32.009958
-24.0,24,32.039864
-24.0,24,32.07094
-25.0,25,32.106685
-24.0,24,32.136958
-25.0,25,32.169645
-24.0,24,32.19978
-24.0,24,32.233529
-24.0,24,32.264053
-29.0,29,32.298445
-29.0,29,32.333368
-29.0,29,32.3728
-29.0,29,32.408911
-29.0,29,32.445347
-29.0,29,32.486114
-29.0,29,32.523473
-46.0,46,32.58066
-29.0,29,32.62158
-29.0,29,32.658249
-29.0,29,32.694417
-29.0,29,32.734814
-29.0,29,32.771831
-29.0,29,32.807698
-29.0,29,32.843816
-29.0,29,32.888039
-30.0,30,32.926421
-29.0,29,32.965127
-29.0,29,33.006637
-29.0,29,33.0433
-29.0,29,33.080082
-29.0,29,33.117316
-29.0,29,33.158118
-29.0,29,33.194598
-29.0,29,33.231149
-29.0,29,33.272012
-29.0,29,33.308763
-29.0,29,33.344978
-29.0,29,33.381257
-29.0,29,33.42179
-29.0,29,33.459007
-29.0,29,33.495649
-29.0,29,33.536353
-29.0,29,33.572563
-29.0,29,33.6088
-29.0,29,33.649392
-29.0,29,33.686432
-31.0,31,33.724841
-29.0,29,33.761377
-29.0,29,33.803085
-29.0,29,33.840265
-29.0,29,33.878139
-29.0,29,33.919951
-29.0,29,33.956633
-31.0,31,33.99636
-29.0,29,34.032873
-29.0,29,34.075362
-32.0,32,34.115416
-31.0,31,34.154184
-29.0,29,34.195587
-29.0,29,34.232218
-29.0,29,34.268221
-29.0,29,34.308232
-29.0,29,34.345166
-29.0,29,34.381251
-29.0,29,34.417544
-29.0,29,34.462071
-29.0,29,34.499594
-29.0,29,34.536355
-29.0,29,34.576345
-31.0,31,34.615016
-29.0,29,34.649314
-29.0,29,34.683347
-35.0,35,34.729416
-29.0,29,34.763614
-29.0,29,34.797614
-32.0,32,34.839985
-29.0,29,34.875634
-29.0,29,34.909742
-29.0,29,34.948852
-29.0,29,34.986633
-29.0,29,35.023187
-30.0,30,35.060434
-29.0,29,35.102509
-29.0,29,35.138839
-29.0,29,35.175044
-29.0,29,35.216898
-29.0,29,35.254718
-29.0,29,35.292038
-29.0,29,35.328172
-29.0,29,35.370885
-29.0,29,35.410328
-29.0,29,35.44977
-31.0,31,35.497864
-30.0,30,35.540113
-30.0,30,35.581556
-32.0,32,35.630356
-29.0,29,35.671125
-29.0,29,35.711134
-29.0,29,35.750781
-29.0,29,35.79792
-33.0,33,35.843349
-29.0,29,35.886148
-29.0,29,35.931345
-29.0,29,35.971463
-34.0,34,36.018107
-29.0,29,36.062649
-29.0,29,36.103191
-29.0,29,36.143243
-29.0,29,36.182857
-29.0,29,36.228386
-29.0,29,36.268974
-29.0,29,36.309208
-29.0,29,36.354929
-31.0,31,36.397506
-29.0,29,36.437782
-29.0,29,36.482279
-29.0,29,36.523717
-29.0,29,36.56498
-29.0,29,36.603114
-29.0,29,36.643077
-29.0,29,36.679575
-30.0,30,36.717378
-34.0,34,36.764126
-34.0,34,36.807509
-34.0,34,36.849926
-34.0,34,36.897899
-34.0,34,36.941302
-34.0,34,36.983473
-36.0,36,37.033311
-34.0,34,37.076872
-34.0,34,37.120259
-34.0,34,37.168763
-34.0,34,37.211579
-34.0,34,37.255053
-34.0,34,37.302438
-35.0,35,37.346787
-36.0,36,37.391844
-34.0,34,37.439602
-34.0,34,37.48215
-34.0,34,37.524784
-34.0,34,37.574175
-34.0,34,37.621715
-34.0,34,37.671088
-37.0,37,37.727109
-38.0,38,37.779209
-34.0,34,37.826476
-34.0,34,37.868905
-34.0,34,37.910141
-34.0,34,37.957249
-34.0,34,38.001381
-34.0,34,38.043762
-34.0,34,38.091971
-34.0,34,38.134408
-38.0,38,38.182731
-37.0,37,38.233577
-38.0,38,38.281414
-35.0,35,38.325305
-34.0,34,38.372717
-34.0,34,38.414822
-34.0,34,38.457333
-34.0,34,38.504846
-34.0,34,38.547482
-34.0,34,38.590022
-34.0,34,38.637215
-34.0,34,38.679431
-34.0,34,38.721862
-34.0,34,38.770267
-34.0,34,38.812875
-34.0,34,38.855066
-34.0,34,38.903534
-34.0,34,38.94772
-34.0,34,38.989099
-34.0,34,39.036689
-35.0,35,39.081077
-35.0,35,39.129336
-34.0,34,39.171564
-34.0,34,39.213653
-36.0,36,39.263289
-35.0,35,39.307908
-34.0,34,39.348973
-34.0,34,39.393718
-37.0,37,39.438026
-34.0,34,39.478485
-34.0,34,39.525458
-34.0,34,39.572634
-34.0,34,39.61971
-34.0,34,39.671978
-34.0,34,39.719023
-34.0,34,39.765727
-34.0,34,39.81793
-34.0,34,39.865321
-35.0,35,39.913492
-38.0,38,39.972265
-35.0,35,40.020112
-34.0,34,40.067356
-34.0,34,40.121407
-34.0,34,40.1691
-39.0,39,40.228042
-36.0,36,40.278871
-34.0,34,40.325395
-35.0,35,40.378777
-36.0,36,40.428682
-34.0,34,40.47598
-34.0,34,40.528442
-34.0,34,40.5768
-42.0,42,40.635077
-34.0,34,40.687666
-34.0,34,40.734905
-35.0,35,40.783546
-34.0,34,40.835703
-36.0,36,40.886406
-34.0,34,40.933757
-34.0,34,40.986506
-34.0,34,41.034215
-34.0,34,41.080977
-34.0,34,41.133343
-34.0,34,41.179819
-34.0,34,41.227298
-38.0,38,41.286365
-40.0,40,41.340487
-39.0,39,41.393198
-39.0,39,41.442901
-40.0,40,41.492993
-39.0,39,41.546312
-41.0,41,41.59734
-40.0,40,41.652163
-41.0,41,41.703166
-39.0,39,41.749722
-40.0,40,41.802657
-39.0,39,41.849425
-39.0,39,41.905369
-41.0,41,41.957727
-44.0,44,42.013261
-39.0,39,42.066804
-47.0,47,42.125852
-39.0,39,42.17897
-39.0,39,42.227739
-39.0,39,42.281039
-39.0,39,42.330578
-39.0,39,42.379046
-39.0,39,42.433002
-39.0,39,42.482187
-39.0,39,42.530727
-39.0,39,42.584863
-39.0,39,42.633462
-39.0,39,42.687182
-43.0,43,42.741222
-39.0,39,42.789943
-39.0,39,42.844204
-39.0,39,42.895203
-45.0,45,42.954357
-42.0,42,43.004335
-43.0,43,43.059294
-39.0,39,43.106481
-39.0,39,43.152691
-39.0,39,43.20597
-39.0,39,43.254813
-39.0,39,43.303368
-41.0,41,43.360255
-39.0,39,43.409198
-39.0,39,43.462977
-39.0,39,43.51165
-43.0,43,43.565396
-39.0,39,43.61886
-39.0,39,43.667639
-41.0,41,43.723953
-44.0,44,43.778588
-39.0,39,43.830891
-40.0,40,43.883999
-39.0,39,43.933422
-39.0,39,43.986711
-39.0,39,44.037225
-39.0,39,44.084965
-41.0,41,44.143006
-39.0,39,44.191886
-39.0,39,44.244684
-39.0,39,44.294012
-39.0,39,44.342609
-39.0,39,44.39623
-39.0,39,44.44488
-39.0,39,44.498029
-39.0,39,44.547371
-42.0,42,44.599616
-39.0,39,44.65306
-39.0,39,44.702065
-42.0,42,44.75858
-39.0,39,44.808452
-39.0,39,44.857735
-39.0,39,44.913287
-39.0,39,44.964021
-40.0,40,45.018488
-43.0,43,45.073864
-39.0,39,45.123581
-39.0,39,45.176838
-43.0,43,45.231491
-39.0,39,45.284869
-39.0,39,45.33431
-39.0,39,45.383182
-39.0,39,45.437007
-41.0,41,45.488783
-39.0,39,45.543555
-41.0,41,45.596014
-44.0,44,45.651687
-44.0,44,45.718103
-44.0,44,45.778621
-48.0,48,45.85097
-44.0,44,45.913557
-44.0,44,45.98041
-44.0,44,46.04242
-44.0,44,46.102507
-44.0,44,46.158492
-44.0,44,46.214299
-44.0,44,46.273722
-48.0,48,46.333733
-46.0,46,46.396538
-44.0,44,46.450491
-51.0,51,46.516447
-56.0,56,46.583263
-46.0,46,46.642025
-46.0,46,46.697032
-44.0,44,46.757851
-52.0,52,46.823969
-45.0,45,46.885184
-44.0,44,46.937836
-44.0,44,46.995077
-49.0,49,47.054831
-44.0,44,47.110972
-44.0,44,47.172084
-45.0,45,47.228272
-44.0,44,47.289106
-47.0,47,47.348388
-46.0,46,47.411595
-44.0,44,47.467119
-45.0,45,47.5337
-44.0,44,47.594517
-44.0,44,47.656087
-44.0,44,47.721789
-44.0,44,47.78284
-44.0,44,47.849671
-44.0,44,47.912073
-49.0,49,47.985935
-44.0,44,48.047173
-44.0,44,48.1141
-45.0,45,48.176215
-48.0,48,48.247236
-48.0,48,48.313986
-48.0,48,48.385036
-49.0,49,48.453544
-44.0,44,48.507513
-52.0,52,48.578081
-44.0,44,48.634076
-45.0,45,48.694491
-46.0,46,48.751619
-50.0,50,48.818411
-48.0,48,48.876038
-44.0,44,48.932886
-44.0,44,48.985791
-44.0,44,49.041956
-44.0,44,49.096454
-44.0,44,49.149302
-44.0,44,49.207453
-57.0,57,49.275127
-44.0,44,49.335709
-49.0,49,49.396656
-44.0,44,49.456315
-44.0,44,49.511214
-44.0,44,49.572325
-46.0,46,49.629992
-44.0,44,49.689294
-44.0,44,49.745423
-46.0,46,49.808181
-44.0,44,49.865836
-50.0,50,49.928741
-50.0,50,49.996913
-44.0,44,50.052099
-48.0,48,50.119055
-48.0,48,50.179088
-52.0,52,50.250167
-48.0,48,50.309943
-48.0,48,50.375494
-48.0,48,50.435825
-51.0,51,50.503917
-59.0,59,50.580471
-51.0,51,50.649549
-52.0,52,50.714881
-49.0,49,50.783688
-55.0,55,50.8556
-49.0,49,50.918368
-51.0,51,50.985942
-52.0,52,51.051765
-48.0,48,51.117351
-49.0,49,51.177838
-48.0,48,51.23396
-48.0,48,51.295009
-48.0,48,51.352675
-50.0,50,51.416281
-48.0,48,51.473874
-48.0,48,51.536993
-54.0,54,51.604798
-48.0,48,51.669636
-48.0,48,51.729645
-48.0,48,51.794761
-51.0,51,51.858924
-51.0,51,51.929375
-48.0,48,51.989801
-50.0,50,52.058048
-51.0,51,52.1222
-49.0,49,52.188438
-48.0,48,52.248985
-48.0,48,52.315784
-53.0,53,52.382204
-55.0,55,52.456243
-48.0,48,52.51618
-48.0,48,52.582463
-48.0,48,52.64264
-48.0,48,52.708014
-51.0,51,52.771527
-52.0,52,52.842465
-49.0,49,52.904876
-50.0,50,52.972494
-48.0,48,53.032844
-48.0,48,53.099019
-48.0,48,53.160666
-48.0,48,53.22511
-48.0,48,53.286468
-48.0,48,53.350042
-149.0,149,53.542295
-48.0,48,53.60489
-49.0,49,53.663241
-49.0,49,53.727405
-48.0,48,53.787017
-49.0,49,53.853669
-49.0,49,53.918881
-50.0,50,53.98683
-48.0,48,54.047752
-48.0,48,54.113728
-48.0,48,54.173997
-48.0,48,54.238478
-48.0,48,54.300769
-48.0,48,54.3662
-53.0,53,54.432132
-57.0,57,54.508593
-52.0,52,54.575356
-52.0,52,54.645099
-53.0,53,54.712538
-55.0,55,54.78645
-54.0,54,54.854428
-53.0,53,54.926802
-53.0,53,54.994323
-52.0,52,55.065696
-52.0,52,55.130884
-57.0,57,55.207008
-56.0,56,55.281729
-52.0,52,55.3479
-53.0,53,55.418659
-52.0,52,55.483526
-52.0,52,55.554159
-52.0,52,55.61846
-52.0,52,55.687681
-52.0,52,55.752259
-56.0,56,55.827241
-52.0,52,55.894018
-56.0,56,55.968609
-60.0,60,56.039834
-58.0,58,56.113826
-56.0,56,56.184806
-55.0,55,56.250738
-55.0,55,56.320697
-52.0,52,56.38219
-52.0,52,56.44794
-53.0,53,56.511925
-52.0,52,56.58212
-52.0,52,56.646803
-53.0,53,56.718081
-55.0,55,56.786954
-52.0,52,56.858512
-52.0,52,56.924711
-52.0,52,56.995073
-59.0,59,57.069509
-52.0,52,57.1397
-61.0,61,57.221204
-53.0,53,57.287627
-54.0,54,57.359773
-52.0,52,57.42541
-52.0,52,57.495556
-54.0,54,57.56402
-52.0,52,57.63422
-56.0,56,57.703896
-56.0,56,57.778836
-52.0,52,57.844215
-52.0,52,57.916736
-58.0,58,57.993002
-53.0,53,58.060761
-52.0,52,58.131941
-52.0,52,58.196877
-52.0,52,58.266471
-53.0,53,58.331821
-53.0,53,58.399148
-53.0,53,58.464195
-52.0,52,58.53935
-52.0,52,58.62553
-52.0,52,58.69812
-53.0,53,58.789523
-59.0,59,58.876757
-59.0,59,58.946727
-57.0,57,59.01884
-59.0,59,59.098824
-62.0,62,59.178047
-61.0,61,59.258775
-59.0,59,59.332395
-59.0,59,59.411617
-62.0,62,59.493676
-59.0,59,59.567812
-67.0,67,59.66608
-75.0,75,59.774911
-59.0,59,59.85627
-59.0,59,59.944735
-63.0,63,60.031986
-59.0,59,60.119915
-60.0,60,60.208518
-64.0,64,60.29792
-59.0,59,60.377351
-59.0,59,60.455355
-59.0,59,60.530611
-60.0,60,60.610577
-62.0,62,60.686461
-59.0,59,60.764272
-66.0,66,60.851594
-61.0,61,60.930647
-59.0,59,61.00956
-59.0,59,61.083655
-59.0,59,61.162575
-61.0,61,61.243304
-63.0,63,61.322633
-61.0,61,61.40413
-59.0,59,61.478861
-59.0,59,61.558225
-61.0,61,61.639348
-60.0,60,61.715443
-59.0,59,61.794045
-59.0,59,61.869402
-59.0,59,61.948033
-59.0,59,62.027217
-59.0,59,62.102856
-70.0,70,62.195388
-59.0,59,62.269144
-59.0,59,62.348983
-59.0,59,62.428529
-62.0,62,62.506767
-59.0,59,62.586114
-62.0,62,62.664911
-60.0,60,62.744479
-59.0,59,62.821681
-59.0,59,62.897401
-60.0,60,62.976573
-59.0,59,63.050693
-74.0,74,63.143849
-59.0,59,63.219514
-164.0,164,63.420311
-81.0,81,63.53107
-72.0,72,63.630172
-81.0,81,63.739822
-63.0,63,63.820237
-81.0,81,63.932719
-67.0,67,64.024787
-81.0,81,64.135335
-81.0,81,64.240924
-81.0,81,64.352127
-84.0,84,64.464931
-63.0,63,64.552017
-64.0,64,64.635759
-64.0,64,64.724454
-63.0,63,64.811096
-71.0,71,64.907571
-69.0,69,65.002053
-63.0,63,65.089443
-62.0,62,65.166603
-63.0,63,65.250575
-63.0,63,65.334642
-81.0,81,65.436321
-70.0,70,65.52468
-200.0,200,65.771374
-70.0,70,65.85976
-64.0,64,65.936367
-61.0,61,66.014099
-83.0,83,66.120547
-62.0,62,66.198894
-67.0,67,66.288257
-64.0,64,66.373699
-64.0,64,66.454631
-66.0,66,66.542772
-68.0,68,66.641712
-72.0,72,66.740983
-61.0,61,66.831269
-61.0,61,66.936941
-62.0,62,67.03108
-85.0,85,67.141866
-152.0,152,67.331865
-94.0,94,67.450105
-182.0,182,67.717402
-64.0,64,67.810797
-65.0,65,67.894609
-71.0,71,67.979498
-67.0,67,68.064764
-69.0,69,68.152869
-65.0,65,68.234119
-67.0,67,68.322537
-68.0,68,68.41234
-68.0,68,68.497771
-68.0,68,68.587936
-65.0,65,68.674595
-164.0,164,68.884008
-85.0,85,68.994974
-69.0,69,69.086342
-67.0,67,69.176027
-78.0,78,69.274127
-63.0,63,69.357935
-70.0,70,69.449781
-78.0,78,69.553526
-78.0,78,69.65306
-75.0,75,69.7524
-61.0,61,69.846014
-61.0,61,69.924981
-68.0,68,70.013819
-66.0,66,70.10124
-68.0,68,70.189295
-70.0,70,70.277725
-74.0,74,70.370321
-68.0,68,70.452651
-81.0,81,70.55914
-80.0,80,70.663372
-62.0,62,70.745177
-66.0,66,70.826775
-71.0,71,70.921168
-76.0,76,71.021043
-77.0,77,71.122795
-73.0,73,71.215672
-62.0,62,71.298729
-63.0,63,71.38199
-67.0,67,71.466514
-67.0,67,71.556026
-69.0,69,71.645741
-70.0,70,71.734722
-69.0,69,71.825956
-69.0,69,71.917844
-70.0,70,72.00574
-80.0,80,72.111842
-76.0,76,72.214008
-76.0,76,72.315061
-69.0,69,72.401762
-68.0,68,72.49037
-68.0,68,72.581299
-73.0,73,72.670496
-70.0,70,72.763575
-74.0,74,72.861058
-71.0,71,72.955037
-69.0,69,73.041813
-65.0,65,73.136795
-70.0,70,73.2393
-66.0,66,73.331337
-74.0,74,73.43963
-67.0,67,73.537844
-70.0,70,73.634705
-66.0,66,73.730635
-76.0,76,73.840814
-66.0,66,73.933427
-64.0,64,74.028714
-68.0,68,74.128738
-68.0,68,74.223223
-67.0,67,74.320936
-68.0,68,74.421166
-66.0,66,74.51797
-75.0,75,74.62055
-67.0,67,74.707576
-74.0,74,74.80395
-68.0,68,74.889273
-67.0,67,74.977169
-68.0,68,75.063381
-65.0,65,75.141292
-66.0,66,75.225586
-68.0,68,75.311319
-66.0,66,75.390404
-67.0,67,75.475253
-67.0,67,75.559962
-66.0,66,75.639604
-69.0,69,75.730059
-65.0,65,75.816595
-71.0,71,75.906838
-65.0,65,75.993528
-64.0,64,76.079191
-65.0,65,76.161385
-65.0,65,76.248506
-66.0,66,76.335821
-67.0,67,76.420782
-68.0,68,76.509766
-69.0,69,76.601148
-70.0,70,76.688764
-69.0,69,76.779881
-69.0,69,76.87934
-68.0,68,76.975758
-68.0,68,77.066675
-71.0,71,77.159057
-69.0,69,77.249714
-67.0,67,77.333667
-68.0,68,77.421363
-68.0,68,77.507472
-68.0,68,77.593692
-68.0,68,77.683637
-70.0,70,77.775955
-68.0,68,77.863047
-69.0,69,77.956579
-69.0,69,78.048257
-69.0,69,78.135458
-68.0,68,78.227496
-69.0,69,78.314224
-71.0,71,78.398031
-68.0,68,78.482918
-69.0,69,78.568918
-68.0,68,78.648731
-68.0,68,78.735069
-68.0,68,78.824087
-68.0,68,78.914585
-69.0,69,79.002708
-68.0,68,79.09288
-69.0,69,79.184119
-68.0,68,79.271177
-68.0,68,79.363954
-68.0,68,79.454381
-70.0,70,79.541764
-69.0,69,79.631626
-69.0,69,79.721949
-68.0,68,79.804028
-68.0,68,79.891335
-69.0,69,79.979087
-69.0,69,80.065654
-69.0,69,80.160551
-68.0,68,80.253283
-69.0,69,80.347284
-69.0,69,80.436299
-68.0,68,80.537076
-69.0,69,80.642154
-68.0,68,80.739466
-69.0,69,80.845759
-72.0,72,80.956817
-72.0,72,81.060919
-72.0,72,81.170677
-73.0,73,81.282438
-71.0,71,81.389958
-73.0,73,81.496594
-73.0,73,81.608413
-72.0,72,81.716561
-72.0,72,81.810603
-72.0,72,81.906516
-73.0,73,82.003147
-72.0,72,82.100753
-72.0,72,82.188109
-72.0,72,82.277938
-72.0,72,82.369052
-72.0,72,82.462258
-73.0,73,82.561784
-72.0,72,82.659984
-72.0,72,82.758826
-72.0,72,82.852314
-72.0,72,82.951953
-72.0,72,83.051036
-72.0,72,83.151649
-74.0,74,83.248749
-72.0,72,83.34763
-72.0,72,83.443974
-72.0,72,83.533203
-71.0,71,83.627511
-72.0,72,83.723055
-73.0,73,83.819763
-73.0,73,83.913712
-72.0,72,84.00988
-71.0,71,84.105731
-71.0,71,84.194918
-72.0,72,84.291301
-74.0,74,84.389643
-72.0,72,84.48402
-72.0,72,84.572483
-72.0,72,84.662744
-73.0,73,84.753861
-72.0,72,84.843918
-72.0,72,84.931006
-72.0,72,85.02366
-72.0,72,85.119627
-72.0,72,85.210614
-71.0,71,85.305016
-79.0,79,85.408831
-78.0,78,85.511367
-77.0,77,85.609646
-77.0,77,85.711923
-77.0,77,85.813519
-76.0,76,85.915881
-76.0,76,86.016736
-76.0,76,86.112896
-76.0,76,86.212847
-76.0,76,86.313451
-76.0,76,86.413908
-75.0,75,86.509682
-76.0,76,86.609897
-77.0,77,86.710997
-75.0,75,86.814584
-76.0,76,86.918864
-76.0,76,87.03124
-77.0,77,87.135251
-77.0,77,87.235073
-76.0,76,87.329633
-76.0,76,87.425913
-76.0,76,87.526456
-76.0,76,87.62718
-76.0,76,87.724204
-77.0,77,87.828216
-77.0,77,87.932108
-79.0,79,88.037915
-76.0,76,88.150881
-77.0,77,88.246849
-77.0,77,88.344465
-76.0,76,88.445558
-76.0,76,88.546905
-77.0,77,88.643533
-76.0,76,88.743958
-77.0,77,88.845456
-77.0,77,88.949081
-77.0,77,89.044714
-77.0,77,89.14762
-77.0,77,89.251716
-76.0,76,89.352619
-76.0,76,89.453089
-77.0,77,89.556393
-79.0,79,89.661824
-83.0,83,89.771578
-85.0,85,89.897885
-88.0,88,90.014584
-86.0,86,90.125345
-85.0,85,90.239609
-86.0,86,90.35414
-87.0,87,90.467636
-88.0,88,90.582971
-87.0,87,90.697755
-87.0,87,90.831765
-87.0,87,90.978581
-86.0,86,91.111984
-85.0,85,91.236182
-85.0,85,91.364114
-87.0,87,91.493227
-86.0,86,91.623205
-86.0,86,91.758733
-86.0,86,91.900953
-86.0,86,92.030125
-86.0,86,92.155876
-86.0,86,92.313342
-88.0,88,92.464251
-85.0,85,92.597048
-92.0,92,92.741014
-89.0,89,92.886315
-86.0,86,93.017174
-87.0,87,93.155097
-89.0,89,93.295892
-84.0,84,93.405068
-87.0,87,93.518159
-83.0,83,93.627309
-85.0,85,93.749381
-84.0,84,93.861732
-86.0,86,93.979556
-85.0,85,94.091408
-84.0,84,94.204425
-85.0,85,94.31967
-83.0,83,94.429907
-85.0,85,94.541682
-86.0,86,94.649734
-87.0,87,94.764704
-86.0,86,94.87698
-86.0,86,94.992657
-88.0,88,95.11014
-88.0,88,95.227323
-86.0,86,95.340262
-86.0,86,95.454326
-88.0,88,95.573981
-87.0,87,95.699769
-86.0,86,95.814417
-86.0,86,95.928506
-87.0,87,96.047423
-87.0,87,96.162047
-85.0,85,96.274495
-84.0,84,96.378961
-86.0,86,96.487774
-84.0,84,96.599371
-86.0,86,96.712982
-85.0,85,96.82614
-85.0,85,96.938017
-84.0,84,97.052077
-85.0,85,97.158809
-86.0,86,97.273987
-86.0,86,97.386388
-85.0,85,97.49785
-86.0,86,97.611337
-85.0,85,97.722312
-86.0,86,97.836329
-85.0,85,97.944628
-86.0,86,98.059963
-85.0,85,98.173066
-87.0,87,98.289932
-85.0,85,98.401384
-85.0,85,98.512371
-84.0,84,98.622306
-84.0,84,98.728155
-85.0,85,98.841072
-85.0,85,98.946807
-181.0,181,99.1822
-88.0,88,99.303491
-90.0,90,99.424239
-89.0,89,99.538765
-89.0,89,99.644342
-88.0,88,99.755962
-87.0,87,99.870727
-88.0,88,99.991069
-87.0,87,100.107734
-88.0,88,100.223488
-88.0,88,100.340413
-90.0,90,100.459388
-88.0,88,100.570656
-89.0,89,100.687724
-88.0,88,100.803949
-88.0,88,100.920301
-88.0,88,101.037051
-88.0,88,101.154186
-90.0,90,101.274855
-88.0,88,101.387648
-87.0,87,101.500238
-89.0,89,101.614911
-88.0,88,101.731565
-88.0,88,101.848818
-88.0,88,101.965913
-87.0,87,102.08115
-89.0,89,102.197983
-89.0,89,102.318052
-88.0,88,102.433824
-88.0,88,102.545241
-86.0,86,102.658131
-96.0,96,102.785415
-87.0,87,102.899918
-90.0,90,103.022154
-88.0,88,103.137928
-88.0,88,103.255677
-86.0,86,103.370727
-93.0,93,103.490413
-184.0,184,103.724923
-185.0,185,103.966595
-97.0,97,104.088726
-169.0,169,104.301832
-164.0,164,104.517517
-99.0,99,104.655773
-101.0,101,104.820835
-96.0,96,104.978916
-181.0,181,105.251394
-98.0,98,105.380901
-94.0,94,105.500995
-95.0,95,105.62661
-94.0,94,105.750461
-93.0,93,105.874817
-93.0,93,105.999826
-93.0,93,106.122167
-92.0,92,106.245484
-91.0,91,106.36534
-91.0,91,106.479237
-93.0,93,106.599355
-93.0,93,106.721323
-92.0,92,106.837674
-90.0,90,106.959795
-92.0,92,107.081778
-91.0,91,107.204214
-91.0,91,107.32557
-91.0,91,107.444497
-91.0,91,107.563812
-92.0,92,107.683543
-91.0,91,107.804613
-97.0,97,107.930938
-102.0,102,108.069085
-99.0,99,108.200226
-96.0,96,108.327503
-101.0,101,108.464029
-98.0,98,108.59128
-98.0,98,108.722218
-98.0,98,108.852139
-98.0,98,108.985543
-94.0,94,109.11191
-99.0,99,109.246203
-102.0,102,109.382345
-97.0,97,109.510887
-96.0,96,109.634379
-94.0,94,109.747882
-97.0,97,109.8746
-99.0,99,110.007551
-99.0,99,110.137084
-93.0,93,110.262205
-98.0,98,110.390729
-95.0,95,110.515896
-96.0,96,110.643356
-95.0,95,110.768617
-94.0,94,110.892828
-96.0,96,111.023587
-93.0,93,111.148608
-94.0,94,111.277518
-94.0,94,111.398842
-95.0,95,111.51665
-93.0,93,111.633116
-95.0,95,111.758099
-94.0,94,111.88085
-94.0,94,112.009281
-93.0,93,112.132473
-99.0,99,112.26406
-100.0,100,112.394979
-97.0,97,112.516846
-100.0,100,112.646666
-99.0,99,112.778192
-100.0,100,112.908744
-100.0,100,113.047011
-99.0,99,113.178139
-99.0,99,113.309354
-98.0,98,113.437699
-99.0,99,113.56777
-100.0,100,113.697855
-100.0,100,113.82976
-99.0,99,113.955088
-98.0,98,114.084266
-98.0,98,114.21429
-98.0,98,114.342598
-100.0,100,114.474162
-98.0,98,114.60334
-98.0,98,114.732544
-102.0,102,114.866447
-96.0,96,114.997738
-100.0,100,115.125718
-99.0,99,115.261435
-96.0,96,115.387405
-99.0,99,115.519566
-98.0,98,115.648193
-97.0,97,115.776884
-98.0,98,115.906682
-99.0,99,116.039709
-97.0,97,116.169154
-97.0,97,116.295248
-101.0,101,116.423119
-97.0,97,116.544992
-97.0,97,116.665199
-102.0,102,116.796914
-103.0,103,116.931118
-104.0,104,117.069169
-200.0,200,117.349737
-179.0,179,117.591462
-200.0,200,117.84712
-114.0,114,117.990832
-114.0,114,118.132829
-104.0,104,118.272367
-104.0,104,118.406749
-102.0,102,118.540333
-103.0,103,118.675085
-102.0,102,118.809013
-101.0,101,118.940056
-169.0,169,119.172385
-105.0,105,119.305397
-103.0,103,119.43978
-107.0,107,119.578823
-170.0,170,119.807295
-179.0,179,120.047436
-163.0,163,120.264837
-174.0,174,120.482012
-170.0,170,120.695583
-169.0,169,120.911694
-176.0,176,121.145728
-200.0,200,121.410234
-200.0,200,121.669164
-200.0,200,121.931222
-200.0,200,122.200453
-200.0,200,122.494058
-200.0,200,122.754459
-165.0,165,122.979444
-152.0,152,123.179555
-148.0,148,123.38932
-159.0,159,123.597311
-156.0,156,123.801473
-191.0,191,124.051492
-200.0,200,124.30369
-150.0,150,124.498446
-145.0,145,124.692146
-165.0,165,124.914764
-160.0,160,125.121865
-150.0,150,125.324051
-147.0,147,125.517183
-143.0,143,125.709643
-135.0,135,125.889552
-138.0,138,126.072579
-140.0,140,126.254968
-140.0,140,126.434829
-137.0,137,126.610554
-139.0,139,126.796165
-139.0,139,126.980099
-139.0,139,127.155602
-130.0,130,127.319557
-129.0,129,127.487287
-128.0,128,127.649841
-131.0,131,127.815782
-136.0,136,127.985511
-131.0,131,128.151181
-136.0,136,128.3345
-142.0,142,128.518821
-137.0,137,128.700026
-128.0,128,128.866832
-134.0,134,129.04232
-132.0,132,129.218926
-139.0,139,129.399621
-141.0,141,129.581742
-131.0,131,129.757604
-134.0,134,129.931215
-138.0,138,130.115875
-137.0,137,130.298014
-130.0,130,130.467335
-142.0,142,130.670715
-130.0,130,130.854033
-131.0,131,131.027825
-142.0,142,131.215899
-136.0,136,131.398882
-135.0,135,131.576491
-137.0,137,131.762628
-143.0,143,131.947918
-136.0,136,132.123916
-131.0,131,132.301481
-137.0,137,132.48055
-128.0,128,132.645985
-134.0,134,132.823742
-118.0,118,132.978869
-136.0,136,133.155582
-132.0,132,133.333373
-132.0,132,133.503913
-135.0,135,133.676485
-122.0,122,133.840354
-129.0,129,134.019542
