#{"t_start": 1540231457.590511, "env_id": "MountainCar-v0"}
r,l,t
-200.0,200,0.479985
-200.0,200,0.57803
-200.0,200,0.672274
-200.0,200,0.672355
-200.0,200,0.76544
-200.0,200,0.765534
-200.0,200,0.857687
-200.0,200,0.857776
-200.0,200,1.204341
-200.0,200,1.204441
-200.0,200,1.29192
-65.0,65,1.292036
-65.0,65,1.292081
-200.0,200,1.571138
-200.0,200,1.57124
-200.0,200,1.701073
-94.0,94,1.70118
-94.0,94,1.70123
-200.0,200,1.737091
-94.0,94,1.737195
-27.0,27,1.737243
-27.0,27,1.737297
-200.0,200,2.014121
-200.0,200,2.014239
-200.0,200,2.05466
-94.0,94,2.054819
-27.0,27,2.054881
-27.0,27,2.05492
-200.0,200,2.18458
-94.0,94,2.184701
-94.0,94,2.18475
-200.0,200,2.227648
-32.0,32,2.227756
-32.0,32,2.227805
-200.0,200,2.270949
-32.0,32,2.271066
-32.0,32,2.271111
-200.0,200,2.543749
-200.0,200,2.543864
-200.0,200,2.592461
-32.0,32,2.592556
-32.0,32,2.592601
-200.0,200,2.62872
-94.0,94,2.628821
-27.0,27,2.628868
-27.0,27,2.628906
-200.0,200,2.762324
-94.0,94,2.762442
-94.0,94,2.762489
-200.0,200,3.038425
-200.0,200,3.038546
-200.0,200,3.073688
-94.0,94,3.073785
-27.0,27,3.073831
-27.0,27,3.07387
-200.0,200,3.20274
-94.0,94,3.202862
-94.0,94,3.202911
-200.0,200,3.238328
-94.0,94,3.238446
-27.0,27,3.238493
-27.0,27,3.238532
-200.0,200,3.275517
-94.0,94,3.275636
-27.0,27,3.275698
-27.0,27,3.275737
-200.0,200,3.367356
-65.0,65,3.367465
-65.0,65,3.367515
-200.0,200,3.645331
-200.0,200,3.645451
-200.0,200,3.689335
-32.0,32,3.689457
-32.0,32,3.689503
-200.0,200,3.779659
-65.0,65,3.779765
-65.0,65,3.779814
-200.0,200,4.054561
-200.0,200,4.054695
-200.0,200,4.089165
-94.0,94,4.089268
-27.0,27,4.089315
-27.0,27,4.089357
-200.0,200,4.137632
-32.0,32,4.137738
-32.0,32,4.137788
-200.0,200,4.267258
-94.0,94,4.267422
-94.0,94,4.267485
-200.0,200,4.537576
-200.0,200,4.537726
-200.0,200,4.582473
-32.0,32,4.58263
-32.0,32,4.58271
-200.0,200,4.618676
-94.0,94,4.618815
-27.0,27,4.618864
-27.0,27,4.618905
-200.0,200,4.895684
-200.0,200,4.895804
-200.0,200,4.934648
-94.0,94,4.934735
-27.0,27,4.934779
-27.0,27,4.934818
-200.0,200,5.209051
-200.0,200,5.209135
-200.0,200,5.251552
-32.0,32,5.251675
-32.0,32,5.251723
-200.0,200,5.383141
-94.0,94,5.383258
-94.0,94,5.383313
-200.0,200,5.514494
-94.0,94,5.514643
-94.0,94,5.514707
-200.0,200,5.556923
-32.0,32,5.55703
-32.0,32,5.557075
-200.0,200,5.832579
-200.0,200,5.832723
-200.0,200,6.109297
-200.0,200,6.109401
-200.0,200,6.386781
-200.0,200,6.386905
-200.0,200,6.42219
-94.0,94,6.422296
-27.0,27,6.422347
-27.0,27,6.42239
-200.0,200,6.462104
-94.0,94,6.462207
-27.0,27,6.462255
-27.0,27,6.462296
-200.0,200,6.739039
-200.0,200,6.739149
-200.0,200,7.01057
-200.0,200,7.010683
-200.0,200,7.139452
-94.0,94,7.139539
-94.0,94,7.139584
-200.0,200,7.385612
-182.0,182,7.385782
-182.0,182,7.385834
-200.0,200,7.51805
-96.0,96,7.518156
-96.0,96,7.518233
-200.0,200,7.560451
-94.0,94,7.56057
-27.0,27,7.560619
-27.0,27,7.560658
-200.0,200,7.694118
-96.0,96,7.694217
-96.0,96,7.694263
-200.0,200,7.941317
-182.0,182,7.941423
-182.0,182,7.94147
-200.0,200,7.982332
-94.0,94,7.98244
-27.0,27,7.982489
-27.0,27,7.98253
-200.0,200,8.069886
-65.0,65,8.07004
-65.0,65,8.070095
-200.0,200,8.201039
-96.0,96,8.201156
-96.0,96,8.20122
-200.0,200,8.448951
-182.0,182,8.449072
-182.0,182,8.44912
-200.0,200,8.491013
-32.0,32,8.491147
-32.0,32,8.491198
-200.0,200,8.538004
-32.0,32,8.538123
-32.0,32,8.538173
-200.0,200,8.58153
-32.0,32,8.581649
-32.0,32,8.581698
-200.0,200,8.671013
-65.0,65,8.671162
-65.0,65,8.67121
-200.0,200,8.715529
-32.0,32,8.715633
-32.0,32,8.715684
-200.0,200,8.989901
-200.0,200,8.990005
-200.0,200,9.026394
-94.0,94,9.026522
-27.0,27,9.027365
-27.0,27,9.027415
-200.0,200,9.074301
-32.0,32,9.074412
-32.0,32,9.074464
-200.0,200,9.346486
-200.0,200,9.34661
-200.0,200,9.479055
-96.0,96,9.479147
-96.0,96,9.479192
-200.0,200,9.745866
-200.0,200,9.74596
-200.0,200,9.862616
-94.0,94,9.862726
-94.0,94,9.862777
-200.0,200,9.899663
-94.0,94,9.899775
-27.0,27,9.899836
-27.0,27,9.899881
-200.0,200,9.981073
-65.0,65,9.981185
-65.0,65,9.981239
-200.0,200,10.019689
-94.0,94,10.019819
-27.0,27,10.01991
-27.0,27,10.019951
-200.0,200,10.099486
-65.0,65,10.09959
-65.0,65,10.099642
-200.0,200,10.22221
-94.0,94,10.222327
-94.0,94,10.222388
-200.0,200,10.267451
-32.0,32,10.267554
-32.0,32,10.267606
-200.0,200,10.351247
-65.0,65,10.351371
-65.0,65,10.351427
-200.0,200,10.396579
-32.0,32,10.396682
-32.0,32,10.396735
-200.0,200,10.63511
-182.0,182,10.635222
-182.0,182,10.635275
-200.0,200,10.762974
-96.0,96,10.76309
-96.0,96,10.763145
-200.0,200,11.027689
-200.0,200,11.027806
-200.0,200,11.07211
-32.0,32,11.072222
-32.0,32,11.072275
-200.0,200,11.113231
-32.0,32,11.113344
-32.0,32,11.113399
-200.0,200,11.376446
-200.0,200,11.376567
-200.0,200,11.499678
-94.0,94,11.499793
-94.0,94,11.499846
-200.0,200,11.534323
-94.0,94,11.534434
-27.0,27,11.534487
-27.0,27,11.534533
-200.0,200,11.624109
-65.0,65,11.624226
-65.0,65,11.624281
-200.0,200,11.866094
-182.0,182,11.866212
-182.0,182,11.866267
-200.0,200,12.104829
-182.0,182,12.104942
-182.0,182,12.104996
-200.0,200,12.143726
-94.0,94,12.143839
-27.0,27,12.143894
-27.0,27,12.143939
-200.0,200,12.17863
-94.0,94,12.178741
-27.0,27,12.178796
-27.0,27,12.178843
-200.0,200,12.213861
-94.0,94,12.213999
-27.0,27,12.214052
-27.0,27,12.214099
-200.0,200,12.260249
-32.0,32,12.260364
-32.0,32,12.260419
-200.0,200,12.499589
-182.0,182,12.499704
-182.0,182,12.499759
-200.0,200,12.625326
-94.0,94,12.625446
-94.0,94,12.6255
-200.0,200,12.753562
-96.0,96,12.753675
-96.0,96,12.753731
-200.0,200,13.024956
-200.0,200,13.02508
-200.0,200,13.274515
-182.0,182,13.274625
-182.0,182,13.274675
-200.0,200,13.407083
-96.0,96,13.407207
-96.0,96,13.407253
-200.0,200,13.658923
-182.0,182,13.65904
-182.0,182,13.659088
-200.0,200,13.699098
-182.0,182,13.699206
-30.0,30,13.699257
-30.0,30,13.699341
-200.0,200,13.74069
-182.0,182,13.740828
-30.0,30,13.74088
-30.0,30,13.740938
-200.0,200,13.781499
-94.0,94,13.781623
-27.0,27,13.781672
-27.0,27,13.781728
-200.0,200,14.058514
-200.0,200,14.05866
-200.0,200,14.187545
-94.0,94,14.187646
-94.0,94,14.187693
-200.0,200,14.229875
-32.0,32,14.229993
-32.0,32,14.230042
-200.0,200,14.352025
-89.0,89,14.352129
-89.0,89,14.352174
-200.0,200,14.393019
-182.0,182,14.393127
-30.0,30,14.393176
-30.0,30,14.393219
-200.0,200,14.520913
-94.0,94,14.52102
-94.0,94,14.521068
-200.0,200,14.565799
-32.0,32,14.56592
-32.0,32,14.565967
-200.0,200,14.606699
-94.0,94,14.606806
-27.0,27,14.606854
-27.0,27,14.606894
-200.0,200,14.809258
-182.0,182,14.809402
-147.0,147,14.809458
-147.0,147,14.8095
-200.0,200,15.07997
-200.0,200,15.080103
-200.0,200,15.201968
-89.0,89,15.202084
-89.0,89,15.202145
-200.0,200,15.334835
-94.0,94,15.334973
-94.0,94,15.335035
-200.0,200,15.371078
-94.0,94,15.371199
-27.0,27,15.371246
-27.0,27,15.37131
-200.0,200,15.493342
-89.0,89,15.493463
-89.0,89,15.493508
-200.0,200,15.584383
-65.0,65,15.584496
-65.0,65,15.584541
-200.0,200,15.717183
-96.0,96,15.717287
-96.0,96,15.717334
-200.0,200,15.916139
-182.0,182,15.916252
-147.0,147,15.916306
-147.0,147,15.916363
-200.0,200,15.963272
-32.0,32,15.963406
-32.0,32,15.963453
-200.0,200,16.211941
-182.0,182,16.212105
-182.0,182,16.212167
-200.0,200,16.256689
-182.0,182,16.256794
-30.0,30,16.25684
-30.0,30,16.256878
-200.0,200,16.300545
-32.0,32,16.300677
-32.0,32,16.300723
-200.0,200,16.440306
-182.0,182,16.440413
-103.0,103,16.440461
-103.0,103,16.440501
-200.0,200,16.561588
-89.0,89,16.561702
-89.0,89,16.561752
-200.0,200,16.571058
-94.0,94,16.571175
-7.0,7,16.571223
-7.0,7,16.571263
-200.0,200,16.610297
-32.0,32,16.610412
-32.0,32,16.610462
-200.0,200,16.803245
-182.0,182,16.803378
-147.0,147,16.803435
-147.0,147,16.803479
-200.0,200,16.812362
-94.0,94,16.81246
-7.0,7,16.812511
-7.0,7,16.812554
-200.0,200,16.94616
-182.0,182,16.946315
-103.0,103,16.946393
-103.0,103,16.946434
-200.0,200,17.069195
-89.0,89,17.06931
-89.0,89,17.069362
-200.0,200,17.079042
-94.0,94,17.079142
-7.0,7,17.079193
-7.0,7,17.079266
-200.0,200,17.280646
-182.0,182,17.28076
-147.0,147,17.280806
-147.0,147,17.280844
-200.0,200,17.320197
-94.0,94,17.320296
-27.0,27,17.320343
-27.0,27,17.320382
-200.0,200,17.443868
-89.0,89,17.443964
-89.0,89,17.444009
-200.0,200,17.484407
-182.0,182,17.484513
-30.0,30,17.48456
-30.0,30,17.484601
-200.0,200,17.687816
-182.0,182,17.687924
-147.0,147,17.688097
-147.0,147,17.688138
-200.0,200,17.939078
-182.0,182,17.939195
-182.0,182,17.93924
-200.0,200,17.949257
-94.0,94,17.949383
-7.0,7,17.949434
-7.0,7,17.949492
-200.0,200,18.078435
-96.0,96,18.078549
-96.0,96,18.078602
-200.0,200,18.121593
-32.0,32,18.121707
-32.0,32,18.121751
-200.0,200,18.251704
-94.0,94,18.251833
-94.0,94,18.251914
-200.0,200,18.379497
-94.0,94,18.379603
-94.0,94,18.37965
-200.0,200,18.512696
-94.0,94,18.5128
-94.0,94,18.512844
-200.0,200,18.562181
-32.0,32,18.562299
-32.0,32,18.562366
-200.0,200,18.681067
-89.0,89,18.681185
-89.0,89,18.68123
-200.0,200,18.834875
-182.0,182,18.834992
-103.0,103,18.835057
-103.0,103,18.8351
-200.0,200,18.845113
-94.0,94,18.845217
-7.0,7,18.845267
-7.0,7,18.845325
-200.0,200,18.888783
-32.0,32,18.888889
-32.0,32,18.888952
-200.0,200,18.929332
-182.0,182,18.929431
-30.0,30,18.929474
-30.0,30,18.929513
-200.0,200,18.975711
-32.0,32,18.975809
-32.0,32,18.975854
-200.0,200,19.09709
-89.0,89,19.097191
-89.0,89,19.097239
-200.0,200,19.142893
-32.0,32,19.143014
-32.0,32,19.143081
-200.0,200,19.144811
-94.0,94,19.144918
-1.0,1,19.144979
-1.0,1,19.145019
-200.0,200,19.147458
-94.0,94,19.14758
-1.0,1,19.147644
-1.0,1,19.1477
-200.0,200,19.18447
-94.0,94,19.184584
-27.0,27,19.184632
-27.0,27,19.18467
-200.0,200,19.186303
-94.0,94,19.186387
-1.0,1,19.186446
-1.0,1,19.186484
-200.0,200,19.196475
-94.0,94,19.196574
-7.0,7,19.196621
-7.0,7,19.196659
-200.0,200,19.400012
-182.0,182,19.40012
-147.0,147,19.40017
-147.0,147,19.400212
-200.0,200,19.443981
-32.0,32,19.444099
-32.0,32,19.444145
-200.0,200,19.698599
-182.0,182,19.698712
-182.0,182,19.698778
-200.0,200,19.700603
-94.0,94,19.700714
-1.0,1,19.700762
-1.0,1,19.700803
-200.0,200,19.745085
-32.0,32,19.74522
-32.0,32,19.745265
-200.0,200,19.963649
-182.0,182,19.963757
-157.0,157,19.963807
-157.0,157,19.963864
-200.0,200,20.086075
-89.0,89,20.086164
-89.0,89,20.08621
-200.0,200,20.229447
-182.0,182,20.229604
-103.0,103,20.229656
-103.0,103,20.2297
-200.0,200,20.273119
-32.0,32,20.273238
-32.0,32,20.273285
-200.0,200,20.282346
-94.0,94,20.282442
-7.0,7,20.282485
-7.0,7,20.282523
-200.0,200,20.53349
-182.0,182,20.533601
-182.0,182,20.533653
-200.0,200,20.678292
-182.0,182,20.678397
-103.0,103,20.678446
-103.0,103,20.678485
-200.0,200,20.680038
-94.0,94,20.680113
-1.0,1,20.680157
-1.0,1,20.680195
-200.0,200,20.764128
-182.0,182,20.764252
-63.0,63,20.764322
-63.0,63,20.76437
-200.0,200,20.891476
-89.0,89,20.89158
-89.0,89,20.891627
-200.0,200,21.03455
-182.0,182,21.03466
-103.0,103,21.034705
-103.0,103,21.034745
-200.0,200,21.036438
-94.0,94,21.03651
-1.0,1,21.036555
-1.0,1,21.036593
-200.0,200,21.170973
-96.0,96,21.171082
-96.0,96,21.171131
-200.0,200,21.180438
-94.0,94,21.180615
-7.0,7,21.180682
-7.0,7,21.180723
-200.0,200,21.386185
-182.0,182,21.38635
-147.0,147,21.386431
-147.0,147,21.386471
-200.0,200,21.589931
-182.0,182,21.590036
-147.0,147,21.590082
-147.0,147,21.590121
-200.0,200,21.722867
-96.0,96,21.722972
-96.0,96,21.723021
-200.0,200,21.732502
-94.0,94,21.732594
-7.0,7,21.73264
-7.0,7,21.73268
-200.0,200,21.817245
-182.0,182,21.817358
-63.0,63,21.817409
-63.0,63,21.817453
-200.0,200,21.898496
-182.0,182,21.898608
-63.0,63,21.89866
-63.0,63,21.898704
-200.0,200,21.900193
-94.0,94,21.900265
-1.0,1,21.900314
-1.0,1,21.900357
-200.0,200,21.901791
-94.0,94,21.901868
-1.0,1,21.901919
-1.0,1,21.901963
-200.0,200,22.01446
-89.0,89,22.01456
-89.0,89,22.014614
-200.0,200,22.134687
-96.0,96,22.134798
-96.0,96,22.134851
-200.0,200,22.136357
-94.0,94,22.136431
-1.0,1,22.136483
-1.0,1,22.136529
-200.0,200,22.278465
-182.0,182,22.278567
-103.0,103,22.278621
-103.0,103,22.278667
-200.0,200,22.360343
-182.0,182,22.360454
-63.0,63,22.360509
-63.0,63,22.360556
-200.0,200,22.399511
-182.0,182,22.399625
-30.0,30,22.399679
-30.0,30,22.399726
-200.0,200,22.486412
-182.0,182,22.486526
-63.0,63,22.486582
-63.0,63,22.486629
-200.0,200,22.495775
-94.0,94,22.495872
-7.0,7,22.495924
-7.0,7,22.49597
-200.0,200,22.584543
-182.0,182,22.584671
-63.0,63,22.584727
-63.0,63,22.584774
-200.0,200,22.72203
-182.0,182,22.72215
-103.0,103,22.722964
-103.0,103,22.723014
-200.0,200,22.935898
-182.0,182,22.936023
-157.0,157,22.93608
-157.0,157,22.936127
-200.0,200,23.137527
-182.0,182,23.137642
-147.0,147,23.137697
-147.0,147,23.137744
-200.0,200,23.332735
-182.0,182,23.332851
-147.0,147,23.332907
-147.0,147,23.332955
-200.0,200,23.419024
-182.0,182,23.419146
-63.0,63,23.419205
-63.0,63,23.419253
-200.0,200,23.632037
-182.0,182,23.632137
-157.0,157,23.632193
-157.0,157,23.63224
-200.0,200,23.747346
-89.0,89,23.747462
-89.0,89,23.747518
-200.0,200,23.749322
-94.0,94,23.749445
-1.0,1,23.749499
-1.0,1,23.749549
-200.0,200,23.869862
-89.0,89,23.86998
-89.0,89,23.870036
-200.0,200,24.006864
-182.0,182,24.006988
-103.0,103,24.007035
-103.0,103,24.007076
-200.0,200,24.231453
-182.0,182,24.231579
-157.0,157,24.231627
-157.0,157,24.231667
-200.0,200,24.233166
-94.0,94,24.233232
-1.0,1,24.233274
-1.0,1,24.233312
-200.0,200,24.274065
-182.0,182,24.274204
-30.0,30,24.274253
-30.0,30,24.274292
-200.0,200,24.326068
-182.0,182,24.326182
-157.0,157,24.326229
-36.0,36,24.326268
-36.0,36,24.326305
-200.0,200,24.54063
-182.0,182,24.540749
-157.0,157,24.540795
-157.0,157,24.540835
-200.0,200,24.686699
-182.0,182,24.686828
-103.0,103,24.686882
-103.0,103,24.686941
-200.0,200,24.83161
-182.0,182,24.831749
-103.0,103,24.831835
-103.0,103,24.831875
-200.0,200,24.877081
-182.0,182,24.877167
-30.0,30,24.877213
-30.0,30,24.877253
-200.0,200,25.006374
-96.0,96,25.00647
-96.0,96,25.006516
-200.0,200,25.142517
-96.0,96,25.142627
-96.0,96,25.14269
-200.0,200,25.195394
-182.0,182,25.195503
-157.0,157,25.195566
-36.0,36,25.195606
-36.0,36,25.195644
-200.0,200,25.197294
-94.0,94,25.197411
-1.0,1,25.197457
-1.0,1,25.197497
-200.0,200,25.245757
-182.0,182,25.245908
-157.0,157,25.245957
-36.0,36,25.246012
-36.0,36,25.246049
-200.0,200,25.357123
-96.0,96,25.357248
-79.0,79,25.357298
-79.0,79,25.35734
-200.0,200,25.399832
-182.0,182,25.399937
-30.0,30,25.399982
-30.0,30,25.400021
-200.0,200,25.402141
-94.0,94,25.402219
-1.0,1,25.402266
-1.0,1,25.402321
-200.0,200,25.411556
-94.0,94,25.41167
-7.0,7,25.411718
-7.0,7,25.411771
-200.0,200,25.498563
-182.0,182,25.498686
-63.0,63,25.498753
-63.0,63,25.498824
-200.0,200,25.508491
-94.0,94,25.508624
-7.0,7,25.508674
-7.0,7,25.508715
-200.0,200,25.700593
-182.0,182,25.700716
-147.0,147,25.700766
-147.0,147,25.70082
-200.0,200,25.753059
-182.0,182,25.75318
-157.0,157,25.753236
-36.0,36,25.753282
-36.0,36,25.753325
-200.0,200,25.885193
-182.0,182,25.885307
-103.0,103,25.885358
-103.0,103,25.885401
-200.0,200,25.886817
-94.0,94,25.886886
-1.0,1,25.886934
-1.0,1,25.886976
-200.0,200,25.988289
-96.0,96,25.988397
-79.0,79,25.988448
-79.0,79,25.988491
-200.0,200,26.105727
-89.0,89,26.105877
-89.0,89,26.105954
-200.0,200,26.152977
-182.0,182,26.153089
-157.0,157,26.153144
-36.0,36,26.15319
-36.0,36,26.153233
-200.0,200,26.191597
-182.0,182,26.19171
-30.0,30,26.191762
-30.0,30,26.191808
-200.0,200,26.316014
-89.0,89,26.316128
-89.0,89,26.316182
-200.0,200,26.351143
-89.0,89,26.351254
-23.0,23,26.351308
-23.0,23,26.351365
-200.0,200,26.386241
-89.0,89,26.386361
-23.0,23,26.386417
-23.0,23,26.386464
-200.0,200,26.415581
-89.0,89,26.415689
-23.0,23,26.415743
-23.0,23,26.415789
-200.0,200,26.55309
-182.0,182,26.553204
-103.0,103,26.553258
-103.0,103,26.553313
-200.0,200,26.67292
-89.0,89,26.673036
-89.0,89,26.673093
-200.0,200,26.703531
-89.0,89,26.703649
-23.0,23,26.7037
-23.0,23,26.703742
-200.0,200,26.732883
-89.0,89,26.733001
-23.0,23,26.73305
-23.0,23,26.733091
-200.0,200,26.76492
-89.0,89,26.765013
-23.0,23,26.765059
-23.0,23,26.765098
-200.0,200,26.849135
-182.0,182,26.849253
-63.0,63,26.849306
-63.0,63,26.849352
-200.0,200,26.894568
-182.0,182,26.894697
-157.0,157,26.89475
-36.0,36,26.894794
-36.0,36,26.894835
-200.0,200,26.996176
-96.0,96,26.996281
-79.0,79,26.996333
-79.0,79,26.996377
-200.0,200,26.997793
-94.0,94,26.997868
-1.0,1,26.997917
-1.0,1,26.997959
-200.0,200,27.025992
-89.0,89,27.02612
-23.0,23,27.026174
-23.0,23,27.026219
-200.0,200,27.108727
-182.0,182,27.108842
-63.0,63,27.108899
-63.0,63,27.108946
-200.0,200,27.110541
-94.0,94,27.110622
-1.0,1,27.110675
-1.0,1,27.110721
-200.0,200,27.140133
-89.0,89,27.140241
-23.0,23,27.140295
-23.0,23,27.140341
-200.0,200,27.258719
-89.0,89,27.258832
-89.0,89,27.258887
-200.0,200,27.28862
-89.0,89,27.288731
-23.0,23,27.288785
-23.0,23,27.288831
-200.0,200,27.324443
-89.0,89,27.324561
-23.0,23,27.324616
-23.0,23,27.324663
-200.0,200,27.46329
-182.0,182,27.463413
-103.0,103,27.463468
-103.0,103,27.463515
-200.0,200,27.584044
-89.0,89,27.584192
-89.0,89,27.584259
-200.0,200,27.59396
-94.0,94,27.594068
-7.0,7,27.594123
-7.0,7,27.59417
-200.0,200,27.595657
-94.0,94,27.595731
-1.0,1,27.595784
-1.0,1,27.595831
-200.0,200,27.597275
-94.0,94,27.597348
-1.0,1,27.597401
-1.0,1,27.597447
-200.0,200,27.718522
-89.0,89,27.718628
-89.0,89,27.718683
-200.0,200,27.821616
-96.0,96,27.821726
-79.0,79,27.82178
-79.0,79,27.821828
-200.0,200,27.939781
-89.0,89,27.939898
-89.0,89,27.939954
-200.0,200,27.941508
-94.0,94,27.941581
-1.0,1,27.941633
-1.0,1,27.941679
-200.0,200,27.950863
-94.0,94,27.950957
-7.0,7,27.95101
-7.0,7,27.951056
-200.0,200,27.952968
-94.0,94,27.953043
-1.0,1,27.953095
-1.0,1,27.953141
-200.0,200,28.07341
-89.0,89,28.073525
-89.0,89,28.07358
-200.0,200,28.075141
-94.0,94,28.075224
-1.0,1,28.075277
-1.0,1,28.075331
-200.0,200,28.105633
-89.0,89,28.105772
-23.0,23,28.105855
-23.0,23,28.105914
-200.0,200,28.131547
-89.0,89,28.131662
-23.0,23,28.131715
-15.0,15,28.13176
-15.0,15,28.131803
-200.0,200,28.272122
-182.0,182,28.272244
-103.0,103,28.272302
-103.0,103,28.272349
-200.0,200,28.281873
-94.0,94,28.281983
-7.0,7,28.282037
-7.0,7,28.282085
-200.0,200,28.30284
-89.0,89,28.302968
-23.0,23,28.303015
-15.0,15,28.303054
-15.0,15,28.303091
-200.0,200,28.383833
-182.0,182,28.383975
-63.0,63,28.384038
-63.0,63,28.384079
-200.0,200,28.419648
-89.0,89,28.419759
-23.0,23,28.419824
-23.0,23,28.419878
-200.0,200,28.54058
-96.0,96,28.540691
-79.0,79,28.540748
-79.0,79,28.540796
-200.0,200,28.564952
-89.0,89,28.56507
-23.0,23,28.565123
-15.0,15,28.565172
-15.0,15,28.565238
-200.0,200,28.702675
-182.0,182,28.702809
-103.0,103,28.702869
-103.0,103,28.702916
-200.0,200,28.911492
-182.0,182,28.911611
-157.0,157,28.911666
-157.0,157,28.911714
-200.0,200,28.996115
-182.0,182,28.996235
-63.0,63,28.996375
-63.0,63,28.996424
-200.0,200,29.042992
-182.0,182,29.043103
-157.0,157,29.043157
-36.0,36,29.043205
-36.0,36,29.043248
-200.0,200,29.150024
-96.0,96,29.15015
-79.0,79,29.150207
-79.0,79,29.150254
-200.0,200,29.196546
-182.0,182,29.196661
-157.0,157,29.196717
-36.0,36,29.196765
-36.0,36,29.196811
-200.0,200,29.303265
-96.0,96,29.303405
-79.0,79,29.303463
-79.0,79,29.303511
-200.0,200,29.322993
-89.0,89,29.323102
-23.0,23,29.323158
-15.0,15,29.323205
-15.0,15,29.323249
-200.0,200,29.324837
-94.0,94,29.324913
-1.0,1,29.324965
-1.0,1,29.325011
-200.0,200,29.394433
-96.0,96,29.394547
-79.0,79,29.394601
-50.0,50,29.394648
-50.0,50,29.394691
-200.0,200,29.601808
-182.0,182,29.601923
-157.0,157,29.601979
-157.0,157,29.602026
-200.0,200,29.610169
-96.0,96,29.610263
-79.0,79,29.610317
-6.0,6,29.610362
-6.0,6,29.610405
-200.0,200,29.717664
-96.0,96,29.717779
-79.0,79,29.717833
-79.0,79,29.717879
-200.0,200,29.737551
-89.0,89,29.73766
-23.0,23,29.737715
-15.0,15,29.737762
-15.0,15,29.737805
-200.0,200,29.771873
-89.0,89,29.77199
-23.0,23,29.772045
-23.0,23,29.772092
-200.0,200,29.909958
-182.0,182,29.910075
-103.0,103,29.910132
-103.0,103,29.91018
-200.0,200,30.011188
-96.0,96,30.0113
-79.0,79,30.011363
-79.0,79,30.011409
-200.0,200,30.108008
-182.0,182,30.108128
-63.0,63,30.108184
-63.0,63,30.108232
-200.0,200,30.195135
-182.0,182,30.195256
-63.0,63,30.195311
-63.0,63,30.19537
-200.0,200,30.403108
-182.0,182,30.403221
-157.0,157,30.403275
-157.0,157,30.403328
-200.0,200,30.422719
-89.0,89,30.422827
-23.0,23,30.422881
-15.0,15,30.422929
-15.0,15,30.422973
-200.0,200,30.527978
-96.0,96,30.52809
-79.0,79,30.528145
-79.0,79,30.528193
-200.0,200,30.560149
-182.0,182,30.560265
-63.0,63,30.560322
-24.0,24,30.56037
-24.0,24,30.560419
-200.0,200,30.595263
-89.0,89,30.595386
-23.0,23,30.595442
-23.0,23,30.595489
-200.0,200,30.62788
-182.0,182,30.628001
-63.0,63,30.628059
-24.0,24,30.628109
-24.0,24,30.628154
-200.0,200,30.6751
-182.0,182,30.675217
-157.0,157,30.675274
-36.0,36,30.675331
-36.0,36,30.675378
-200.0,200,30.745748
-96.0,96,30.745873
-79.0,79,30.745931
-50.0,50,30.745978
-50.0,50,30.746023
-200.0,200,30.853301
-96.0,96,30.85342
-79.0,79,30.853474
-79.0,79,30.853521
-200.0,200,30.936682
-182.0,182,30.936799
-63.0,63,30.936863
-63.0,63,30.936922
-200.0,200,30.988
-182.0,182,30.988158
-157.0,157,30.988221
-36.0,36,30.988268
-36.0,36,30.988312
-200.0,200,31.008082
-89.0,89,31.008193
-23.0,23,31.008246
-15.0,15,31.008292
-15.0,15,31.008335
-200.0,200,31.054744
-182.0,182,31.054857
-157.0,157,31.054914
-36.0,36,31.054962
-36.0,36,31.055007
-200.0,200,31.14066
-182.0,182,31.14078
-63.0,63,31.140836
-63.0,63,31.140884
-200.0,200,31.148876
-96.0,96,31.148992
-79.0,79,31.14905
-6.0,6,31.149098
-6.0,6,31.149143
-200.0,200,31.150787
-94.0,94,31.150864
-1.0,1,31.150916
-1.0,1,31.150961
-200.0,200,31.216045
-96.0,96,31.216154
-79.0,79,31.216208
-50.0,50,31.216254
-50.0,50,31.216297
-200.0,200,31.433197
-182.0,182,31.433311
-157.0,157,31.433368
-157.0,157,31.433414
-200.0,200,31.463552
-89.0,89,31.463676
-23.0,23,31.463725
-23.0,23,31.463766
-200.0,200,31.528925
-96.0,96,31.529037
-79.0,79,31.529091
-50.0,50,31.529135
-50.0,50,31.529177
-200.0,200,31.575111
-182.0,182,31.575216
-157.0,157,31.575268
-36.0,36,31.575312
-36.0,36,31.575363
-200.0,200,31.618866
-182.0,182,31.618974
-157.0,157,31.619025
-36.0,36,31.619068
-36.0,36,31.619109
-200.0,200,31.700362
-182.0,182,31.700471
-63.0,63,31.700521
-63.0,63,31.700564
-200.0,200,31.729658
-182.0,182,31.729764
-63.0,63,31.729815
-24.0,24,31.72986
-24.0,24,31.729901
-200.0,200,31.831853
-96.0,96,31.83196
-79.0,79,31.832013
-79.0,79,31.832057
-200.0,200,31.910755
-182.0,182,31.910874
-157.0,157,31.910928
-61.0,61,31.910972
-61.0,61,31.911013
-200.0,200,31.918904
-96.0,96,31.918994
-79.0,79,31.919045
-6.0,6,31.91909
-6.0,6,31.919132
-200.0,200,32.126736
-182.0,182,32.126845
-157.0,157,32.126899
-157.0,157,32.126946
-200.0,200,32.128541
-182.0,182,32.128618
-157.0,157,32.12867
-1.0,1,32.128715
-1.0,1,32.128758
-200.0,200,32.13033
-182.0,182,32.130409
-157.0,157,32.130461
-1.0,1,32.130507
-1.0,1,32.13055
-200.0,200,32.205851
-96.0,96,32.205977
-79.0,79,32.206028
-50.0,50,32.206085
-50.0,50,32.206124
-200.0,200,32.250144
-182.0,182,32.25025
-157.0,157,32.250304
-36.0,36,32.250349
-36.0,36,32.250391
-200.0,200,32.251991
-182.0,182,32.252066
-157.0,157,32.252117
-1.0,1,32.252161
-1.0,1,32.252201
-200.0,200,32.253682
-182.0,182,32.253765
-157.0,157,32.253817
-1.0,1,32.253861
-1.0,1,32.253902
-200.0,200,32.255605
-182.0,182,32.255711
-157.0,157,32.255764
-1.0,1,32.255807
-1.0,1,32.255848
-200.0,200,32.336485
-182.0,182,32.336602
-157.0,157,32.336659
-61.0,61,32.336708
-61.0,61,32.336773
-200.0,200,32.367613
-182.0,182,32.367726
-63.0,63,32.367791
-24.0,24,32.36784
-24.0,24,32.367884
-200.0,200,32.398542
-89.0,89,32.398652
-23.0,23,32.398707
-23.0,23,32.398753
-200.0,200,32.462157
-96.0,96,32.462272
-79.0,79,32.462327
-50.0,50,32.462375
-46.0,46,32.462419
-46.0,46,32.462461
-200.0,200,32.540562
-182.0,182,32.540679
-157.0,157,32.540735
-61.0,61,32.540782
-61.0,61,32.540826
-200.0,200,32.626348
-182.0,182,32.626468
-157.0,157,32.626525
-61.0,61,32.626572
-61.0,61,32.626616
-200.0,200,32.690973
-96.0,96,32.691083
-79.0,79,32.691138
-50.0,50,32.691184
-50.0,50,32.691227
-200.0,200,32.804489
-96.0,96,32.804649
-79.0,79,32.804732
-79.0,79,32.804803
-200.0,200,32.813159
-96.0,96,32.813274
-79.0,79,32.81333
-6.0,6,32.813377
-6.0,6,32.813422
-200.0,200,32.919964
-96.0,96,32.920075
-79.0,79,32.920132
-79.0,79,32.920181
-200.0,200,32.92191
-182.0,182,32.921999
-157.0,157,32.922054
-1.0,1,32.922101
-1.0,1,32.922145
-200.0,200,32.985183
-96.0,96,32.985274
-79.0,79,32.985328
-50.0,50,32.985375
-46.0,46,32.985419
-46.0,46,32.985461
-200.0,200,33.015962
-89.0,89,33.016077
-23.0,23,33.016132
-23.0,23,33.01618
-200.0,200,33.113056
-96.0,96,33.113167
-79.0,79,33.113221
-74.0,74,33.113268
-74.0,74,33.113312
-200.0,200,33.18298
-96.0,96,33.183097
-79.0,79,33.183153
-50.0,50,33.1832
-50.0,50,33.183244
-200.0,200,33.273761
-182.0,182,33.273872
-157.0,157,33.273926
-61.0,61,33.273973
-61.0,61,33.274016
-200.0,200,33.293364
-89.0,89,33.293483
-23.0,23,33.293539
-15.0,15,33.293585
-15.0,15,33.293628
-200.0,200,33.373708
-182.0,182,33.37383
-157.0,157,33.373884
-61.0,61,33.373929
-61.0,61,33.373971
-200.0,200,33.439194
-96.0,96,33.439308
-79.0,79,33.439375
-50.0,50,33.439424
-46.0,46,33.439468
-46.0,46,33.43951
-200.0,200,33.44111
-182.0,182,33.441185
-157.0,157,33.441238
-1.0,1,33.441284
-1.0,1,33.441327
-200.0,200,33.540523
-96.0,96,33.540631
-79.0,79,33.540685
-74.0,74,33.540731
-74.0,74,33.540774
-200.0,200,33.580595
-182.0,182,33.580708
-157.0,157,33.580763
-61.0,61,33.58081
-29.0,29,33.580853
-29.0,29,33.580896
-200.0,200,33.600271
-89.0,89,33.600381
-23.0,23,33.600434
-15.0,15,33.60048
-15.0,15,33.600523
-200.0,200,33.608676
-96.0,96,33.608772
-79.0,79,33.608827
-6.0,6,33.608875
-6.0,6,33.60892
