#{"t_start": 1540179411.3482432, "env_id": "MountainCar-v0"}
r,l,t
-200.0,200,0.44766
-200.0,200,0.589476
-3.0,3,0.593997
-3.0,3,0.598423
-3.0,3,0.602812
-3.0,3,0.607609
-3.0,3,0.610891
-3.0,3,0.61383
-3.0,3,0.61623
-3.0,3,0.618621
-3.0,3,0.620735
-3.0,3,0.622854
-3.0,3,0.624778
-3.0,3,0.62642
-3.0,3,0.628078
-3.0,3,0.629748
-3.0,3,0.631305
-3.0,3,0.633097
-3.0,3,0.634736
-3.0,3,0.636567
-3.0,3,0.63832
-3.0,3,0.640071
-3.0,3,0.641882
-3.0,3,0.643648
-3.0,3,0.645337
-3.0,3,0.646995
-3.0,3,0.648846
-3.0,3,0.650656
-3.0,3,0.652384
-3.0,3,0.654194
-3.0,3,0.656054
-3.0,3,0.657803
-3.0,3,0.659599
-3.0,3,0.661585
-3.0,3,0.6634
-3.0,3,0.6651
-3.0,3,0.666944
-3.0,3,0.668781
-3.0,3,0.67058
-3.0,3,0.67231
-3.0,3,0.674076
-3.0,3,0.675858
-3.0,3,0.677691
-3.0,3,0.679548
-3.0,3,0.68159
-3.0,3,0.683544
-3.0,3,0.685617
-3.0,3,0.687716
-3.0,3,0.689734
-3.0,3,0.691738
-3.0,3,0.693821
-3.0,3,0.695833
-3.0,3,0.697728
-3.0,3,0.699744
-3.0,3,0.701687
-3.0,3,0.70357
-3.0,3,0.705496
-3.0,3,0.707402
-3.0,3,0.709326
-3.0,3,0.711201
-3.0,3,0.713306
-3.0,3,0.715366
-3.0,3,0.717337
-3.0,3,0.719238
-3.0,3,0.721273
-3.0,3,0.723444
-3.0,3,0.725604
-3.0,3,0.727615
-3.0,3,0.729652
-3.0,3,0.731522
-3.0,3,0.733532
-3.0,3,0.735617
-3.0,3,0.737745
-3.0,3,0.73975
-3.0,3,0.741665
-3.0,3,0.743514
-3.0,3,0.745463
-3.0,3,0.747455
-3.0,3,0.749368
-3.0,3,0.751224
-3.0,3,0.753282
-3.0,3,0.75521
-3.0,3,0.757264
-3.0,3,0.75934
-3.0,3,0.761379
-3.0,3,0.763425
-3.0,3,0.7655
-3.0,3,0.767414
-3.0,3,0.769515
-3.0,3,0.77159
-3.0,3,0.773661
-3.0,3,0.775799
-3.0,3,0.777915
-3.0,3,0.779803
-3.0,3,0.781947
-3.0,3,0.783875
-3.0,3,0.785872
-3.0,3,0.787756
-3.0,3,0.789784
-3.0,3,0.79178
-3.0,3,0.79365
-3.0,3,0.795656
-3.0,3,0.797676
-3.0,3,0.799624
-3.0,3,0.801678
-3.0,3,0.803573
-3.0,3,0.80565
-3.0,3,0.807731
-3.0,3,0.80983
-3.0,3,0.811924
-3.0,3,0.814022
-3.0,3,0.816112
-3.0,3,0.818155
-3.0,3,0.820187
-3.0,3,0.822166
-3.0,3,0.823985
-3.0,3,0.825962
-3.0,3,0.827904
-3.0,3,0.829927
-3.0,3,0.832062
-3.0,3,0.834104
-3.0,3,0.835938
-3.0,3,0.837861
-3.0,3,0.839792
-3.0,3,0.841797
-3.0,3,0.84366
-3.0,3,0.84576
-3.0,3,0.84767
-3.0,3,0.849543
-3.0,3,0.85138
-3.0,3,0.853355
-3.0,3,0.855242
-3.0,3,0.857225
-3.0,3,0.859277
-3.0,3,0.86135
-3.0,3,0.863299
-3.0,3,0.865448
-3.0,3,0.867473
-3.0,3,0.86961
-3.0,3,0.871652
-3.0,3,0.873771
-3.0,3,0.875771
-3.0,3,0.877828
-3.0,3,0.879712
-3.0,3,0.881624
-3.0,3,0.883633
-3.0,3,0.885546
-3.0,3,0.887596
-3.0,3,0.889702
-3.0,3,0.891725
-3.0,3,0.893955
-3.0,3,0.896263
-3.0,3,0.898657
-3.0,3,0.901498
-3.0,3,0.903852
-3.0,3,0.906315
-3.0,3,0.908657
-3.0,3,0.910945
-3.0,3,0.913273
-3.0,3,0.91558
-3.0,3,0.917793
-3.0,3,0.920052
-3.0,3,0.922447
-3.0,3,0.924726
-3.0,3,0.927036
-3.0,3,0.929354
-3.0,3,0.931597
-3.0,3,0.933798
-3.0,3,0.935919
-3.0,3,0.938189
-3.0,3,0.940478
-3.0,3,0.942872
-3.0,3,0.945216
-3.0,3,0.947623
-3.0,3,0.950021
-3.0,3,0.952352
-3.0,3,0.954733
-3.0,3,0.957174
-3.0,3,0.959511
-3.0,3,0.961885
-3.0,3,0.964248
-3.0,3,0.966682
-3.0,3,0.968964
-3.0,3,0.97133
-3.0,3,0.973719
-3.0,3,0.97605
-3.0,3,0.978443
-3.0,3,0.980774
-3.0,3,0.983102
-3.0,3,0.98531
-3.0,3,0.987558
-3.0,3,0.989715
-3.0,3,0.991926
-3.0,3,0.994184
-3.0,3,0.996436
-3.0,3,0.998698
-3.0,3,1.001129
-3.0,3,1.003599
-3.0,3,1.006038
-3.0,3,1.008448
-3.0,3,1.010843
-3.0,3,1.013076
-3.0,3,1.110976
-3.0,3,1.115276
-3.0,3,1.119344
-3.0,3,1.123159
-3.0,3,1.126954
-3.0,3,1.130518
-3.0,3,1.134019
-3.0,3,1.137533
-3.0,3,1.14108
-3.0,3,1.144588
-3.0,3,1.148141
-3.0,3,1.151699
-3.0,3,1.155208
-3.0,3,1.158825
-3.0,3,1.162548
-3.0,3,1.166181
-3.0,3,1.169756
-3.0,3,1.173218
-3.0,3,1.17681
-3.0,3,1.180342
-3.0,3,1.183955
-3.0,3,1.187613
-3.0,3,1.191436
-3.0,3,1.19502
-3.0,3,1.198568
-3.0,3,1.202306
-3.0,3,1.206038
-3.0,3,1.209557
-3.0,3,1.213155
-3.0,3,1.216779
-3.0,3,1.220356
-3.0,3,1.223975
-3.0,3,1.227451
-3.0,3,1.230995
-3.0,3,1.234588
-3.0,3,1.238166
-3.0,3,1.241968
-3.0,3,1.245657
-3.0,3,1.249444
-3.0,3,1.253329
-3.0,3,1.257227
-3.0,3,1.261248
-3.0,3,1.265061
-3.0,3,1.268898
-3.0,3,1.272598
-3.0,3,1.27635
-3.0,3,1.279953
-3.0,3,1.283681
-3.0,3,1.287364
-3.0,3,1.291148
-3.0,3,1.29492
-3.0,3,1.298656
-3.0,3,1.302857
-3.0,3,1.306905
-3.0,3,1.310772
-3.0,3,1.314603
-3.0,3,1.318505
-3.0,3,1.322392
-3.0,3,1.326149
-3.0,3,1.329941
-3.0,3,1.333676
-3.0,3,1.337553
-3.0,3,1.341361
-3.0,3,1.345214
-3.0,3,1.349037
-3.0,3,1.352906
-3.0,3,1.356716
-3.0,3,1.360471
-3.0,3,1.364146
-3.0,3,1.367913
-3.0,3,1.371685
-3.0,3,1.375468
-3.0,3,1.379352
-3.0,3,1.383159
-3.0,3,1.386948
-3.0,3,1.390761
-3.0,3,1.394586
-3.0,3,1.398353
-3.0,3,1.402195
-3.0,3,1.405931
-3.0,3,1.409653
-3.0,3,1.413596
-3.0,3,1.417319
-3.0,3,1.42111
-3.0,3,1.424836
-3.0,3,1.428553
-3.0,3,1.432335
-3.0,3,1.436121
-3.0,3,1.439969
-3.0,3,1.44366
-3.0,3,1.447412
-3.0,3,1.451142
-3.0,3,1.454881
-3.0,3,1.458734
-3.0,3,1.4624
-3.0,3,1.466201
-3.0,3,1.469974
-3.0,3,1.473719
-3.0,3,1.47741
-3.0,3,1.481288
-3.0,3,1.485344
-3.0,3,1.489076
-3.0,3,1.493006
-3.0,3,1.496789
-3.0,3,1.500722
-3.0,3,1.504736
-3.0,3,1.508502
-3.0,3,1.512241
-3.0,3,1.516032
-3.0,3,1.51985
-3.0,3,1.523656
-3.0,3,1.527465
-3.0,3,1.531245
-3.0,3,1.535002
-3.0,3,1.538744
-3.0,3,1.542591
-3.0,3,1.54639
-3.0,3,1.550331
-3.0,3,1.554209
-3.0,3,1.558155
-3.0,3,1.561964
-3.0,3,1.565748
-3.0,3,1.569558
-3.0,3,1.573426
-3.0,3,1.577156
-3.0,3,1.580869
-3.0,3,1.584885
-3.0,3,1.5889
-3.0,3,1.592831
-3.0,3,1.596589
-3.0,3,1.600231
-3.0,3,1.603946
-3.0,3,1.607764
-3.0,3,1.611633
-3.0,3,1.615525
-3.0,3,1.61939
-3.0,3,1.6231
-3.0,3,1.62714
-3.0,3,1.63097
-3.0,3,1.634723
-3.0,3,1.638684
-3.0,3,1.642615
-3.0,3,1.64638
-3.0,3,1.650142
-3.0,3,1.654007
-3.0,3,1.65771
-3.0,3,1.661453
-3.0,3,1.665097
-3.0,3,1.668967
-3.0,3,1.672714
-3.0,3,1.676387
-3.0,3,1.680122
-3.0,3,1.683842
-3.0,3,1.687646
-3.0,3,1.691413
-3.0,3,1.695307
-3.0,3,1.699023
-3.0,3,1.703257
-3.0,3,1.707389
-3.0,3,1.711539
-3.0,3,1.715352
-3.0,3,1.719211
-3.0,3,1.722986
-3.0,3,1.726746
-3.0,3,1.730553
-3.0,3,1.73434
-3.0,3,1.738131
-3.0,3,1.741957
-3.0,3,1.745672
-3.0,3,1.749479
-3.0,3,1.75327
-3.0,3,1.757133
-3.0,3,1.760969
-3.0,3,1.764749
-3.0,3,1.768588
-3.0,3,1.772368
-3.0,3,1.77614
-3.0,3,1.780109
-3.0,3,1.783903
-3.0,3,1.787632
-3.0,3,1.791437
-3.0,3,1.795245
-3.0,3,1.799046
-3.0,3,1.802811
-3.0,3,1.806711
-3.0,3,1.810645
-3.0,3,1.814625
-3.0,3,1.81834
-3.0,3,1.82218
-3.0,3,1.825965
-3.0,3,1.829687
-3.0,3,1.833354
-3.0,3,1.837051
-3.0,3,1.840906
-3.0,3,1.844661
-3.0,3,1.848443
-3.0,3,1.852245
-3.0,3,1.856059
-3.0,3,1.859806
-3.0,3,1.863619
-3.0,3,1.867469
-3.0,3,1.871352
-3.0,3,1.875086
-3.0,3,1.879086
-3.0,3,1.883016
-3.0,3,1.886804
-3.0,3,1.890524
-3.0,3,1.894351
-3.0,3,1.89834
-3.0,3,1.902223
-3.0,3,1.906139
-3.0,3,1.910001
-3.0,3,1.913748
-3.0,3,1.917644
-3.0,3,1.921469
-3.0,3,1.92517
-3.0,3,1.929088
-3.0,3,1.93301
-3.0,3,1.93687
-3.0,3,1.940643
-3.0,3,1.944568
-3.0,3,1.948337
-3.0,3,1.952071
-3.0,3,1.955971
-3.0,3,1.960056
-3.0,3,1.964242
-3.0,3,1.968504
-3.0,3,1.972521
-3.0,3,1.976533
-3.0,3,1.980733
-3.0,3,1.984848
-3.0,3,1.988948
-3.0,3,1.993159
-3.0,3,1.99739
-3.0,3,2.001579
-3.0,3,2.005901
-3.0,3,2.01002
-3.0,3,2.014203
-3.0,3,2.018266
-3.0,3,2.022504
-3.0,3,2.026604
-3.0,3,2.030762
-3.0,3,2.035035
-3.0,3,2.039129
-3.0,3,2.043252
-3.0,3,2.047436
-3.0,3,2.051495
-3.0,3,2.055592
-3.0,3,2.059802
-3.0,3,2.064039
-3.0,3,2.068316
-3.0,3,2.072472
-3.0,3,2.0766
-3.0,3,2.080873
-3.0,3,2.08513
-3.0,3,2.089285
-3.0,3,2.093629
-3.0,3,2.097808
-3.0,3,2.102224
-3.0,3,2.106574
-3.0,3,2.110917
-3.0,3,2.115238
-3.0,3,2.119417
-3.0,3,2.123599
-3.0,3,2.127878
-3.0,3,2.131958
-3.0,3,2.136139
-3.0,3,2.14038
-3.0,3,2.144424
-3.0,3,2.148547
-3.0,3,2.152636
-3.0,3,2.156751
-3.0,3,2.160887
-3.0,3,2.165066
-3.0,3,2.16928
-3.0,3,2.173453
-3.0,3,2.177644
-3.0,3,2.181851
-3.0,3,2.186027
-3.0,3,2.190331
-3.0,3,2.194594
-3.0,3,2.19878
-3.0,3,2.202955
-3.0,3,2.207059
-3.0,3,2.211237
-3.0,3,2.215367
-3.0,3,2.219514
-3.0,3,2.22374
-3.0,3,2.228013
-3.0,3,2.232208
-3.0,3,2.236472
-3.0,3,2.240651
-3.0,3,2.244781
-3.0,3,2.248945
-3.0,3,2.253238
-3.0,3,2.257263
-3.0,3,2.261416
-3.0,3,2.265635
-3.0,3,2.269777
-3.0,3,2.273957
-3.0,3,2.278236
-3.0,3,2.282408
-3.0,3,2.286601
-3.0,3,2.291078
-3.0,3,2.295225
-3.0,3,2.299459
-3.0,3,2.303662
-3.0,3,2.307992
-3.0,3,2.312183
-3.0,3,2.316466
-3.0,3,2.320751
-3.0,3,2.325114
-3.0,3,2.32928
-3.0,3,2.333281
-3.0,3,2.337433
-3.0,3,2.341697
-3.0,3,2.345841
-3.0,3,2.350128
-3.0,3,2.354153
-3.0,3,2.358302
-3.0,3,2.36254
-3.0,3,2.366842
-3.0,3,2.371156
-3.0,3,2.375284
-3.0,3,2.379481
-3.0,3,2.383701
-3.0,3,2.3879
-3.0,3,2.392225
-3.0,3,2.396398
-3.0,3,2.400465
-3.0,3,2.404609
-3.0,3,2.408698
-3.0,3,2.412978
-3.0,3,2.417318
-3.0,3,2.421532
-3.0,3,2.425706
-3.0,3,2.429883
-3.0,3,2.434016
-3.0,3,2.438211
-3.0,3,2.442375
-3.0,3,2.446555
-3.0,3,2.450696
-3.0,3,2.454965
-3.0,3,2.459037
-3.0,3,2.463154
-3.0,3,2.467366
-3.0,3,2.471486
-3.0,3,2.475678
-3.0,3,2.479944
-3.0,3,2.48419
-3.0,3,2.488321
-3.0,3,2.492464
-3.0,3,2.496499
-3.0,3,2.500928
-3.0,3,2.505414
-3.0,3,2.509643
-3.0,3,2.513809
-3.0,3,2.51793
-3.0,3,2.522215
-3.0,3,2.526507
-3.0,3,2.53076
-3.0,3,2.53487
-3.0,3,2.539079
-3.0,3,2.543408
-3.0,3,2.547557
-3.0,3,2.551625
-3.0,3,2.555874
-3.0,3,2.559956
-3.0,3,2.564207
-3.0,3,2.568419
-3.0,3,2.572545
-3.0,3,2.576713
-3.0,3,2.580894
-3.0,3,2.58521
-3.0,3,2.589422
-3.0,3,2.593615
-3.0,3,2.597783
-3.0,3,2.601918
-3.0,3,2.606026
-3.0,3,2.610168
-3.0,3,2.614313
-3.0,3,2.618721
-3.0,3,2.62293
-3.0,3,2.627136
-3.0,3,2.631262
-3.0,3,2.635617
-3.0,3,2.640179
-3.0,3,2.644547
-3.0,3,2.64893
-3.0,3,2.653288
-3.0,3,2.657499
-3.0,3,2.661677
-3.0,3,2.665807
-3.0,3,2.669927
-3.0,3,2.673918
-3.0,3,2.677881
-3.0,3,2.682023
-3.0,3,2.686219
-3.0,3,2.690391
-3.0,3,2.694676
-3.0,3,2.69881
-3.0,3,2.702935
-3.0,3,2.707031
-3.0,3,2.711183
-3.0,3,2.715391
-3.0,3,2.71958
-3.0,3,2.723967
-3.0,3,2.728217
-3.0,3,2.73238
-3.0,3,2.736599
-3.0,3,2.740825
-3.0,3,2.745075
-3.0,3,2.749183
-3.0,3,2.753282
-3.0,3,2.757352
-3.0,3,2.761549
-3.0,3,2.765795
-3.0,3,2.769881
-3.0,3,2.774198
-3.0,3,2.778458
-3.0,3,2.782522
-3.0,3,2.786647
-3.0,3,2.79106
-3.0,3,2.795254
-3.0,3,2.799366
-3.0,3,2.803703
-3.0,3,2.807895
-3.0,3,2.81224
-3.0,3,2.816444
-3.0,3,2.820519
-3.0,3,2.824595
-3.0,3,2.828694
-3.0,3,2.832832
-3.0,3,2.836974
-3.0,3,2.841264
-3.0,3,2.845486
-3.0,3,2.849618
-3.0,3,2.853907
-3.0,3,2.85814
-3.0,3,2.862423
-3.0,3,2.866559
-3.0,3,2.870772
-3.0,3,2.875094
-3.0,3,2.87926
-3.0,3,2.883361
-3.0,3,2.887528
-3.0,3,2.891666
-3.0,3,2.895948
-3.0,3,2.90037
-3.0,3,2.905269
-3.0,3,2.90952
-3.0,3,2.913763
-3.0,3,2.918204
-3.0,3,2.92239
-3.0,3,2.926646
-3.0,3,2.930889
-3.0,3,2.935015
-3.0,3,2.939234
-3.0,3,2.943446
-3.0,3,2.947637
-3.0,3,2.951847
-3.0,3,2.956041
-3.0,3,2.960274
-3.0,3,2.964297
-3.0,3,2.96845
-3.0,3,2.9728
-3.0,3,2.976985
-3.0,3,2.981125
-3.0,3,2.985353
-3.0,3,2.989507
-3.0,3,2.993705
-3.0,3,2.997824
-3.0,3,3.001983
-3.0,3,3.006128
-3.0,3,3.010303
-3.0,3,3.014528
-3.0,3,3.018659
-3.0,3,3.022901
-3.0,3,3.027116
-3.0,3,3.031254
-3.0,3,3.035394
-3.0,3,3.039562
-3.0,3,3.043844
-3.0,3,3.048074
-3.0,3,3.052274
-3.0,3,3.056479
-3.0,3,3.060666
-3.0,3,3.064784
-3.0,3,3.068977
-3.0,3,3.073082
-3.0,3,3.077367
-3.0,3,3.08161
-3.0,3,3.085736
-3.0,3,3.089956
-3.0,3,3.094203
-3.0,3,3.09835
-3.0,3,3.102519
-3.0,3,3.106731
-3.0,3,3.111018
-3.0,3,3.115177
-12.0,12,3.132055
-10.0,10,3.146043
-9.0,9,3.158318
-9.0,9,3.170753
-8.0,8,3.181814
-14.0,14,3.201355
-131.0,131,3.381686
-11.0,11,3.397069
-200.0,200,3.670358
-10.0,10,3.684084
-16.0,16,3.706201
-12.0,12,3.722913
-200.0,200,4.006342
-9.0,9,4.022444
-9.0,9,4.038312
-9.0,9,4.054085
-8.0,8,4.067892
-9.0,9,4.083262
-9.0,9,4.099114
-10.0,10,4.117097
-9.0,9,4.132793
-9.0,9,4.14835
-8.0,8,4.162318
-13.0,13,4.184973
-12.0,12,4.205832
-12.0,12,4.22647
-10.0,10,4.243866
-19.0,19,4.277049
-10.0,10,4.294775
-8.0,8,4.308738
-200.0,200,4.6594
-200.0,200,4.94157
-12.0,12,4.956826
-8.0,8,4.967042
-10.0,10,4.979577
-11.0,11,4.993098
-10.0,10,5.005411
-9.0,9,5.01688
-10.0,10,5.030148
-12.0,12,5.045162
-10.0,10,5.05749
-12.0,12,5.072651
-200.0,200,5.326941
-9.0,9,5.338456
-12.0,12,5.354167
-10.0,10,5.366824
-11.0,11,5.381034
-14.0,14,5.398528
-8.0,8,5.408805
-14.0,14,5.42614
-11.0,11,5.439921
-11.0,11,5.453828
-9.0,9,5.465382
-10.0,10,5.477759
-8.0,8,5.487929
-11.0,11,5.502424
-14.0,14,5.519919
-10.0,10,5.53248
-10.0,10,5.54518
-8.0,8,5.554991
-9.0,9,5.566429
-8.0,8,5.576546
-8.0,8,5.586603
-14.0,14,5.603982
-200.0,200,5.867873
-17.0,17,5.889778
-8.0,8,5.900457
-9.0,9,5.911675
-8.0,8,5.922835
-8.0,8,5.932828
-8.0,8,5.942896
-8.0,8,5.953089
-8.0,8,5.963203
-9.0,9,5.974357
-10.0,10,5.997092
-200.0,200,6.314685
-10.0,10,6.328376
-13.0,13,6.345687
-10.0,10,6.358167
-11.0,11,6.373269
-9.0,9,6.386349
-8.0,8,6.396648
-8.0,8,6.407925
-11.0,11,6.423033
-12.0,12,6.439137
-9.0,9,6.45036
-8.0,8,6.462642
-9.0,9,6.478219
-12.0,12,6.497517
-10.0,10,6.511547
-11.0,11,6.527201
-9.0,9,6.539273
-10.0,10,6.552186
-11.0,11,6.566227
-13.0,13,6.582636
-8.0,8,6.592664
-8.0,8,6.60215
-9.0,9,6.614086
-8.0,8,6.625545
-11.0,11,6.638515
-11.0,11,6.652737
-46.0,46,6.714744
-4.0,4,6.720015
-4.0,4,6.724863
-4.0,4,6.731682
-4.0,4,6.737283
-4.0,4,6.742349
-4.0,4,6.748001
-4.0,4,6.753432
-5.0,5,6.759879
-4.0,4,6.764999
-5.0,5,6.772711
-4.0,4,6.777728
-4.0,4,6.782948
-4.0,4,6.789476
-4.0,4,6.794567
-4.0,4,6.799477
-4.0,4,6.805261
-4.0,4,6.810466
-4.0,4,6.815425
-4.0,4,6.820968
-4.0,4,6.826104
-4.0,4,6.830852
-4.0,4,6.835869
-5.0,5,6.842991
-4.0,4,6.848209
-5.0,5,6.854765
-5.0,5,6.862287
-4.0,4,6.86755
-4.0,4,6.872647
-4.0,4,6.87867
-4.0,4,6.884133
-4.0,4,6.889333
-4.0,4,6.895191
-4.0,4,6.900414
-4.0,4,6.905481
-4.0,4,6.910542
-4.0,4,6.916639
-4.0,4,6.921713
-4.0,4,6.926728
-4.0,4,6.932933
-4.0,4,6.938069
-4.0,4,6.943352
-4.0,4,6.948466
-4.0,4,6.954363
-4.0,4,6.959438
-4.0,4,6.964526
-4.0,4,6.97063
-4.0,4,6.975619
-4.0,4,6.980823
-4.0,4,6.986167
-4.0,4,6.99327
-4.0,4,6.998549
-4.0,4,7.004581
-4.0,4,7.009622
-4.0,4,7.014956
-4.0,4,7.020128
-4.0,4,7.026397
-4.0,4,7.031577
-5.0,5,7.037809
-4.0,4,7.044013
-4.0,4,7.049087
-4.0,4,7.054108
-4.0,4,7.060103
-4.0,4,7.065341
-4.0,4,7.070417
-4.0,4,7.076051
-4.0,4,7.081985
-4.0,4,7.087154
-4.0,4,7.092418
-4.0,4,7.098371
-4.0,4,7.103537
-4.0,4,7.108618
-4.0,4,7.114532
-4.0,4,7.119895
-4.0,4,7.125011
-4.0,4,7.130015
-4.0,4,7.136425
-4.0,4,7.141583
-4.0,4,7.146577
-4.0,4,7.15253
-4.0,4,7.157663
-4.0,4,7.162714
-4.0,4,7.167608
-4.0,4,7.174006
-4.0,4,7.179306
-4.0,4,7.18475
-4.0,4,7.190503
-4.0,4,7.195637
-4.0,4,7.200868
-4.0,4,7.207162
-4.0,4,7.212837
-5.0,5,7.219192
-5.0,5,7.226343
-5.0,5,7.232935
-5.0,5,7.239341
-5.0,5,7.24668
-4.0,4,7.252068
-4.0,4,7.257078
-4.0,4,7.263178
-4.0,4,7.268365
-4.0,4,7.273517
-4.0,4,7.280273
-4.0,4,7.285632
-4.0,4,7.290742
-4.0,4,7.296703
-4.0,4,7.302094
-4.0,4,7.307141
-4.0,4,7.312343
-4.0,4,7.318358
-4.0,4,7.323388
-4.0,4,7.328417
-4.0,4,7.334438
-4.0,4,7.339654
-4.0,4,7.344831
-4.0,4,7.349947
-4.0,4,7.356149
-4.0,4,7.361238
-4.0,4,7.366577
-4.0,4,7.37289
-4.0,4,7.377917
-4.0,4,7.382879
-4.0,4,7.38875
-4.0,4,7.393818
-4.0,4,7.398828
-4.0,4,7.404122
-4.0,4,7.40986
-4.0,4,7.415087
-5.0,5,7.421369
-4.0,4,7.427954
-5.0,5,7.434314
-5.0,5,7.440866
-4.0,4,7.446257
-4.0,4,7.451325
-4.0,4,7.45635
-4.0,4,7.462513
-4.0,4,7.467726
-4.0,4,7.472903
-4.0,4,7.478937
-4.0,4,7.484316
-4.0,4,7.489511
-4.0,4,7.494534
-4.0,4,7.500315
-4.0,4,7.505923
-5.0,5,7.51249
-4.0,4,7.518338
-4.0,4,7.523423
-4.0,4,7.528569
-4.0,4,7.534228
-4.0,4,7.539775
-4.0,4,7.545079
-4.0,4,7.550535
-4.0,4,7.556149
-4.0,4,7.561403
-4.0,4,7.566388
-4.0,4,7.572347
-4.0,4,7.57756
-4.0,4,7.582812
-4.0,4,7.588715
-4.0,4,7.593786
-4.0,4,7.598927
-4.0,4,7.60388
-4.0,4,7.610617
-4.0,4,7.615755
-4.0,4,7.62084
-4.0,4,7.626659
-4.0,4,7.631937
-4.0,4,7.636979
-4.0,4,7.642229
-4.0,4,7.648534
-4.0,4,7.65361
-4.0,4,7.658952
-4.0,4,7.664913
-4.0,4,7.669981
-4.0,4,7.674799
-4.0,4,7.680784
-4.0,4,7.686046
-4.0,4,7.691238
-4.0,4,7.697067
-4.0,4,7.70244
-4.0,4,7.707499
-4.0,4,7.71271
-4.0,4,7.718737
-4.0,4,7.723924
-4.0,4,7.729065
-4.0,4,7.735852
-4.0,4,7.741283
-4.0,4,7.746215
-4.0,4,7.751663
-4.0,4,7.757897
-4.0,4,7.762893
-4.0,4,7.767918
-4.0,4,7.77397
-4.0,4,7.779213
-4.0,4,7.784404
-4.0,4,7.790288
-4.0,4,7.795528
-4.0,4,7.801037
-4.0,4,7.806645
-4.0,4,7.812302
-4.0,4,7.817343
-4.0,4,7.822178
-4.0,4,7.828111
-4.0,4,7.833201
-4.0,4,7.838229
-4.0,4,7.843952
-4.0,4,7.850135
-4.0,4,7.855208
-4.0,4,7.860497
-4.0,4,7.866685
-4.0,4,7.871747
-4.0,4,7.877117
-4.0,4,7.883131
-4.0,4,7.888335
-4.0,4,7.893436
-4.0,4,7.89894
-4.0,4,7.904936
-4.0,4,7.91003
-4.0,4,7.915084
-4.0,4,7.921039
-4.0,4,7.926093
-4.0,4,7.931242
-4.0,4,7.937397
-4.0,4,7.942478
-4.0,4,7.94751
-4.0,4,7.95283
-4.0,4,7.958695
-4.0,4,7.96402
-4.0,4,7.96897
-4.0,4,7.975104
-4.0,4,7.980625
-4.0,4,7.985834
-4.0,4,7.9927
-4.0,4,7.998236
-4.0,4,8.003413
-4.0,4,8.009281
-4.0,4,8.014858
-4.0,4,8.020051
-4.0,4,8.025184
-4.0,4,8.031523
-4.0,4,8.036578
-4.0,4,8.041569
-4.0,4,8.047568
-4.0,4,8.052963
-4.0,4,8.058095
-4.0,4,8.063555
-4.0,4,8.069167
-4.0,4,8.074406
-4.0,4,8.079728
-4.0,4,8.085842
-4.0,4,8.090949
-4.0,4,8.096016
-4.0,4,8.101977
-4.0,4,8.10726
-4.0,4,8.112558
-4.0,4,8.118254
-4.0,4,8.123863
-4.0,4,8.129245
-4.0,4,8.134389
-4.0,4,8.140248
-4.0,4,8.145395
-4.0,4,8.150547
-4.0,4,8.156466
-4.0,4,8.161702
-4.0,4,8.166642
-4.0,4,8.171941
-4.0,4,8.178164
-4.0,4,8.183432
-4.0,4,8.188546
-4.0,4,8.196666
-4.0,4,8.201921
-4.0,4,8.207106
-4.0,4,8.213875
-4.0,4,8.219135
-4.0,4,8.224153
-4.0,4,8.230417
-4.0,4,8.235703
-4.0,4,8.240879
-4.0,4,8.246618
-4.0,4,8.252933
-4.0,4,8.258087
-4.0,4,8.263187
-4.0,4,8.26957
-4.0,4,8.274674
-4.0,4,8.279745
-4.0,4,8.285562
-4.0,4,8.29102
-4.0,4,8.296071
-4.0,4,8.301109
-4.0,4,8.306968
-4.0,4,8.312012
-4.0,4,8.316974
-4.0,4,8.322669
-4.0,4,8.327893
-4.0,4,8.333119
-4.0,4,8.339101
-4.0,4,8.34469
-4.0,4,8.349708
-4.0,4,8.354697
-4.0,4,8.361035
-4.0,4,8.366329
-4.0,4,8.371302
-4.0,4,8.377639
-4.0,4,8.382861
-4.0,4,8.387972
-4.0,4,8.393108
-4.0,4,8.399039
-4.0,4,8.404239
-4.0,4,8.409329
-4.0,4,8.415356
-4.0,4,8.420649
-4.0,4,8.425872
-4.0,4,8.431558
-4.0,4,8.437104
-4.0,4,8.442338
-4.0,4,8.447759
-4.0,4,8.453547
-4.0,4,8.458637
-4.0,4,8.464014
-4.0,4,8.470137
-4.0,4,8.475316
-4.0,4,8.481077
-4.0,4,8.487494
-4.0,4,8.493029
-4.0,4,8.498372
-4.0,4,8.503367
-4.0,4,8.509393
-4.0,4,8.514488
-4.0,4,8.519572
-4.0,4,8.525874
-4.0,4,8.531156
-4.0,4,8.536122
-4.0,4,8.541496
-4.0,4,8.547306
-4.0,4,8.552381
-4.0,4,8.55761
-4.0,4,8.56377
-4.0,4,8.568913
-4.0,4,8.574085
-4.0,4,8.580085
-4.0,4,8.585503
-4.0,4,8.590681
-4.0,4,8.596595
-4.0,4,8.602221
-4.0,4,8.607292
-4.0,4,8.612224
-4.0,4,8.618488
-4.0,4,8.623705
-4.0,4,8.628732
-4.0,4,8.634697
-4.0,4,8.639826
-4.0,4,8.64501
-5.0,5,8.652321
-5.0,5,8.65917
-5.0,5,8.665404
-4.0,4,8.671755
-4.0,4,8.676933
-4.0,4,8.682292
-4.0,4,8.687773
-4.0,4,8.693641
-4.0,4,8.698617
-4.0,4,8.703713
-4.0,4,8.709714
-4.0,4,8.714952
-4.0,4,8.720124
-4.0,4,8.725874
-4.0,4,8.731658
-4.0,4,8.736979
-4.0,4,8.743101
-4.0,4,8.74917
-4.0,4,8.754324
-4.0,4,8.759331
-4.0,4,8.766018
-4.0,4,8.771333
-4.0,4,8.77682
-4.0,4,8.783796
-4.0,4,8.789009
-4.0,4,8.793998
-4.0,4,8.800044
-4.0,4,8.805116
-4.0,4,8.810082
-4.0,4,8.815262
-4.0,4,8.821557
-4.0,4,8.826696
-4.0,4,8.831842
-4.0,4,8.837701
-4.0,4,8.842717
-4.0,4,8.848085
-4.0,4,8.853729
-4.0,4,8.859256
-4.0,4,8.864387
-4.0,4,8.869242
-4.0,4,8.874777
-4.0,4,8.879567
-4.0,4,8.884939
-4.0,4,8.889714
-4.0,4,8.895432
-4.0,4,8.900534
-4.0,4,8.905341
-4.0,4,8.911459
-4.0,4,8.916581
-4.0,4,8.921377
-4.0,4,8.926543
-4.0,4,8.93177
-4.0,4,8.936516
-4.0,4,8.941616
-4.0,4,8.947633
-4.0,4,8.952532
-4.0,4,8.957253
-4.0,4,8.9623
-4.0,4,8.967658
-4.0,4,8.972636
-4.0,4,8.977403
-4.0,4,8.982473
-4.0,4,8.987664
-4.0,4,8.993696
-4.0,4,8.999022
-4.0,4,9.004651
-4.0,4,9.010366
-4.0,4,9.015762
-4.0,4,9.020789
-4.0,4,9.026367
-4.0,4,9.031924
-4.0,4,9.037365
-4.0,4,9.04233
-4.0,4,9.047304
-4.0,4,9.053309
-4.0,4,9.058133
-4.0,4,9.063146
-4.0,4,9.067889
-4.0,4,9.074401
-4.0,4,9.07976
-4.0,4,9.084802
-4.0,4,9.091268
-4.0,4,9.096247
-4.0,4,9.10099
-4.0,4,9.105743
-4.0,4,9.111695
-4.0,4,9.116547
-4.0,4,9.121227
-4.0,4,9.126765
-4.0,4,9.132188
-4.0,4,9.137347
-4.0,4,9.142631
-4.0,4,9.148435
-4.0,4,9.153429
-4.0,4,9.158394
-4.0,4,9.1642
-4.0,4,9.169333
-4.0,4,9.174291
-4.0,4,9.180525
-4.0,4,9.186216
-4.0,4,9.191312
-4.0,4,9.196785
-4.0,4,9.202874
-4.0,4,9.207861
-4.0,4,9.212871
-4.0,4,9.218901
-4.0,4,9.224133
-4.0,4,9.229316
-4.0,4,9.23537
-4.0,4,9.241095
-4.0,4,9.246165
-4.0,4,9.251143
-4.0,4,9.257664
-4.0,4,9.262777
-4.0,4,9.267862
-4.0,4,9.273975
-4.0,4,9.27892
-4.0,4,9.284193
-4.0,4,9.290278
-4.0,4,9.295599
-4.0,4,9.300689
-4.0,4,9.305844
-4.0,4,9.31232
-4.0,4,9.317337
-4.0,4,9.322333
-4.0,4,9.328478
-4.0,4,9.333726
-4.0,4,9.338753
-4.0,4,9.349397
-4.0,4,9.356409
-4.0,4,9.363401
-4.0,4,9.369598
-4.0,4,9.375644
-4.0,4,9.383632
-4.0,4,9.389359
-4.0,4,9.395711
-4.0,4,9.402157
-4.0,4,9.407502
-4.0,4,9.412775
-4.0,4,9.419082
-4.0,4,9.42755
-4.0,4,9.433589
-4.0,4,9.439799
-4.0,4,9.444886
-4.0,4,9.450219
-4.0,4,9.45659
-4.0,4,9.461562
-4.0,4,9.466331
-4.0,4,9.471374
-4.0,4,9.477113
-4.0,4,9.482133
-4.0,4,9.486732
-4.0,4,9.492126
-4.0,4,9.497316
-4.0,4,9.502416
-4.0,4,9.508013
-4.0,4,9.513742
-4.0,4,9.518935
-4.0,4,9.524044
-4.0,4,9.530001
-4.0,4,9.535213
-4.0,4,9.540171
-4.0,4,9.547096
-4.0,4,9.552352
-4.0,4,9.557379
-4.0,4,9.562393
-4.0,4,9.568711
-4.0,4,9.57388
-4.0,4,9.578869
-4.0,4,9.58493
-4.0,4,9.590199
-4.0,4,9.595335
-4.0,4,9.601161
-4.0,4,9.607198
-4.0,4,9.612286
-4.0,4,9.618085
-4.0,4,9.623685
-4.0,4,9.629003
-4.0,4,9.634085
-4.0,4,9.640057
-4.0,4,9.645171
-4.0,4,9.650171
-4.0,4,9.655851
-4.0,4,9.661097
-4.0,4,9.666157
-4.0,4,9.671324
-4.0,4,9.677913
-4.0,4,9.68315
-4.0,4,9.68821
-4.0,4,9.693589
-4.0,4,9.698883
-4.0,4,9.703789
-4.0,4,9.709645
-4.0,4,9.71557
-4.0,4,9.720599
-4.0,4,9.726158
-4.0,4,9.73216
-4.0,4,9.737267
-4.0,4,9.742356
-4.0,4,9.748667
-4.0,4,9.754081
-4.0,4,9.759325
-4.0,4,9.76578
-4.0,4,9.770989
-4.0,4,9.776075
-4.0,4,9.781737
-4.0,4,9.787924
-4.0,4,9.793396
-4.0,4,9.799385
-4.0,4,9.804941
-4.0,4,9.810025
-4.0,4,9.814982
-4.0,4,9.821092
-4.0,4,9.826399
-4.0,4,9.831618
-4.0,4,9.837947
-4.0,4,9.843338
-4.0,4,9.848669
-4.0,4,9.8537
-4.0,4,9.860741
-4.0,4,9.865987
-4.0,4,9.871911
-4.0,4,9.877243
-4.0,4,9.882328
-4.0,4,9.887581
-4.0,4,9.893589
-4.0,4,9.898757
-4.0,4,9.903859
-4.0,4,9.909797
-4.0,4,9.915188
-4.0,4,9.920171
-4.0,4,9.925397
-4.0,4,9.931418
-4.0,4,9.936522
-4.0,4,9.941645
-4.0,4,9.947391
-4.0,4,9.952613
-4.0,4,9.957724
-4.0,4,9.962748
-4.0,4,9.96871
-4.0,4,9.973758
-4.0,4,9.978927
-4.0,4,9.985043
-4.0,4,9.990204
-4.0,4,9.995484
-4.0,4,10.001369
-4.0,4,10.00672
-4.0,4,10.011858
-4.0,4,10.017473
-4.0,4,10.023072
-4.0,4,10.028198
-4.0,4,10.033414
-4.0,4,10.040302
-4.0,4,10.045377
-4.0,4,10.050308
-4.0,4,10.056529
-4.0,4,10.061796
-4.0,4,10.066895
-4.0,4,10.072014
-4.0,4,10.077952
-4.0,4,10.083107
-4.0,4,10.088452
-4.0,4,10.095312
-4.0,4,10.100314
-9.0,9,10.113052
-9.0,9,10.124381
-9.0,9,10.136571
-9.0,9,10.148551
-9.0,9,10.159936
-9.0,9,10.172069
-9.0,9,10.184236
-9.0,9,10.195948
-9.0,9,10.208319
-9.0,9,10.220391
-9.0,9,10.232082
-9.0,9,10.24427
-9.0,9,10.256496
-9.0,9,10.268095
-9.0,9,10.280582
-9.0,9,10.292998
-9.0,9,10.304361
-10.0,10,10.317661
-9.0,9,10.329804
-9.0,9,10.341084
-9.0,9,10.353561
-9.0,9,10.366226
-9.0,9,10.377627
-9.0,9,10.389991
-9.0,9,10.402179
-9.0,9,10.413682
-9.0,9,10.426039
-9.0,9,10.438306
-9.0,9,10.449917
-9.0,9,10.46221
-9.0,9,10.473968
-9.0,9,10.485981
-9.0,9,10.498084
-9.0,9,10.509942
-9.0,9,10.521816
-9.0,9,10.534427
-9.0,9,10.546667
-9.0,9,10.558363
-9.0,9,10.570593
-9.0,9,10.58305
-9.0,9,10.594564
-9.0,9,10.606643
-9.0,9,10.618439
-9.0,9,10.63065
-9.0,9,10.643127
-9.0,9,10.65497
-9.0,9,10.667093
-9.0,9,10.679404
-9.0,9,10.690799
-9.0,9,10.703482
-9.0,9,10.716376
-9.0,9,10.728113
-9.0,9,10.74061
-9.0,9,10.753264
-9.0,9,10.765597
-9.0,9,10.777781
-9.0,9,10.790513
-9.0,9,10.802819
-9.0,9,10.814234
-9.0,9,10.826398
-9.0,9,10.838306
-9.0,9,10.851242
-9.0,9,10.864142
-9.0,9,10.87788
-9.0,9,10.889593
-9.0,9,10.901738
-9.0,9,10.914092
-9.0,9,10.92562
-9.0,9,10.938411
-9.0,9,10.950603
-9.0,9,10.962522
-9.0,9,10.974718
-9.0,9,10.989073
-9.0,9,11.000338
-9.0,9,11.012947
-9.0,9,11.025103
-9.0,9,11.036456
-9.0,9,11.048842
-9.0,9,11.06104
-9.0,9,11.072594
-9.0,9,11.085912
-9.0,9,11.098252
-9.0,9,11.109627
-9.0,9,11.122368
-9.0,9,11.134603
-9.0,9,11.146132
-9.0,9,11.158169
-9.0,9,11.170362
-9.0,9,11.181822
-9.0,9,11.193944
-9.0,9,11.206069
-9.0,9,11.218287
-9.0,9,11.230858
-9.0,9,11.243325
-9.0,9,11.255629
-9.0,9,11.269107
-9.0,9,11.282359
-9.0,9,11.293623
-9.0,9,11.306652
-9.0,9,11.319213
-9.0,9,11.330586
-9.0,9,11.342953
-9.0,9,11.355379
-9.0,9,11.366705
-9.0,9,11.379542
-9.0,9,11.391656
-9.0,9,11.403383
-9.0,9,11.415051
-9.0,9,11.426761
-9.0,9,11.438468
-9.0,9,11.451135
-9.0,9,11.463479
-9.0,9,11.475072
-9.0,9,11.48804
-9.0,9,11.500639
-9.0,9,11.512343
-9.0,9,11.525171
-9.0,9,11.53706
-9.0,9,11.548867
-9.0,9,11.561682
-9.0,9,11.574173
-9.0,9,11.585787
-9.0,9,11.598514
-9.0,9,11.610943
-9.0,9,11.622375
-9.0,9,11.634832
-9.0,9,11.646961
-9.0,9,11.65862
-9.0,9,11.670995
-9.0,9,11.682873
-9.0,9,11.695133
-9.0,9,11.70785
-9.0,9,11.719761
-9.0,9,11.731514
-9.0,9,11.744216
-9.0,9,11.756241
-9.0,9,11.768045
-9.0,9,11.780278
-9.0,9,11.791841
-9.0,9,11.804298
-9.0,9,11.818248
-9.0,9,11.83008
-9.0,9,11.841669
-9.0,9,11.854344
-9.0,9,11.866179
-9.0,9,11.878204
-9.0,9,11.890754
-9.0,9,11.902517
-9.0,9,11.91439
-9.0,9,11.926998
-9.0,9,11.938392
-9.0,9,11.950573
-9.0,9,11.963048
-9.0,9,11.974473
-9.0,9,11.987017
-9.0,9,11.999409
-9.0,9,12.010833
-9.0,9,12.023607
-9.0,9,12.036049
-9.0,9,12.04763
-9.0,9,12.059905
-9.0,9,12.072781
-9.0,9,12.084925
-9.0,9,12.097481
-9.0,9,12.109803
-9.0,9,12.121285
-9.0,9,12.134405
-9.0,9,12.146398
-9.0,9,12.157888
-9.0,9,12.170681
-9.0,9,12.18292
-9.0,9,12.194356
-9.0,9,12.206999
-9.0,9,12.219239
-9.0,9,12.230548
-9.0,9,12.24318
-9.0,9,12.255099
-9.0,9,12.266573
-9.0,9,12.278966
-9.0,9,12.29049
-9.0,9,12.302941
-9.0,9,12.31517
-9.0,9,12.326616
-9.0,9,12.338823
-9.0,9,12.352078
-9.0,9,12.363233
-9.0,9,12.376641
-9.0,9,12.389875
-10.0,10,12.403268
-9.0,9,12.415054
-9.0,9,12.427411
-9.0,9,12.439841
-9.0,9,12.451315
-9.0,9,12.463216
-9.0,9,12.474633
-9.0,9,12.487218
-9.0,9,12.500207
-9.0,9,12.511798
-9.0,9,12.523953
-9.0,9,12.536444
-9.0,9,12.547798
-9.0,9,12.560178
-9.0,9,12.572623
-9.0,9,12.583874
-9.0,9,12.596205
-9.0,9,12.608746
-9.0,9,12.619965
-9.0,9,12.633338
-9.0,9,12.645636
-9.0,9,12.656978
-9.0,9,12.669666
-9.0,9,12.681463
-9.0,9,12.693004
-9.0,9,12.705202
-9.0,9,12.717467
-9.0,9,12.729016
-9.0,9,12.741567
-9.0,9,12.753654
-9.0,9,12.76512
-9.0,9,12.77768
-9.0,9,12.789571
-9.0,9,12.801253
-9.0,9,12.814147
-9.0,9,12.825943
-9.0,9,12.837648
-9.0,9,12.849698
-9.0,9,12.861038
-9.0,9,12.873585
-9.0,9,12.8871
-9.0,9,12.899227
-9.0,9,12.911653
-9.0,9,12.925395
-9.0,9,12.937724
-9.0,9,12.948938
-9.0,9,12.961417
-9.0,9,12.973868
-9.0,9,12.985106
-9.0,9,12.998356
-9.0,9,13.00975
-9.0,9,13.020661
-9.0,9,13.032327
-9.0,9,13.043226
-9.0,9,13.054938
-9.0,9,13.066148
-9.0,9,13.078118
-9.0,9,13.090735
-9.0,9,13.102739
-9.0,9,13.11595
-9.0,9,13.128951
-9.0,9,13.141883
-9.0,9,13.153572
-9.0,9,13.165893
-9.0,9,13.178067
-9.0,9,13.189812
-9.0,9,13.202193
-9.0,9,13.214526
-9.0,9,13.226202
-9.0,9,13.239202
-9.0,9,13.25178
-9.0,9,13.263399
-9.0,9,13.275724
-9.0,9,13.287724
-9.0,9,13.299317
-9.0,9,13.311992
-9.0,9,13.323959
-9.0,9,13.336007
-9.0,9,13.349632
-9.0,9,13.361998
-9.0,9,13.373579
-9.0,9,13.385962
-9.0,9,13.398232
-9.0,9,13.409923
-9.0,9,13.42237
-9.0,9,13.434994
-9.0,9,13.446677
-9.0,9,13.458997
-9.0,9,13.47106
-9.0,9,13.483379
-14.0,14,13.502156
-14.0,14,13.520875
-14.0,14,13.539567
-14.0,14,13.558499
-14.0,14,13.577105
-14.0,14,13.595361
-14.0,14,13.615187
-14.0,14,13.634827
-14.0,14,13.653529
-14.0,14,13.672276
-14.0,14,13.692514
-14.0,14,13.711475
-14.0,14,13.730984
-14.0,14,13.750202
-14.0,14,13.768685
-14.0,14,13.787067
-14.0,14,13.805593
-14.0,14,13.824619
-14.0,14,13.843837
-14.0,14,13.862214
-15.0,15,13.881882
-14.0,14,13.901298
-14.0,14,13.919585
-14.0,14,13.938404
-14.0,14,13.958597
-14.0,14,13.977734
-14.0,14,13.996165
-14.0,14,14.015101
-15.0,15,14.035024
-14.0,14,14.053766
-14.0,14,14.072073
-14.0,14,14.091361
-14.0,14,14.110012
-14.0,14,14.128331
-14.0,14,14.147151
-14.0,14,14.165609
-14.0,14,14.18446
-15.0,15,14.205844
-14.0,14,14.224357
-14.0,14,14.24328
-14.0,14,14.262242
-14.0,14,14.280392
-14.0,14,14.298751
-14.0,14,14.317123
-14.0,14,14.335643
-14.0,14,14.354294
-14.0,14,14.372946
-14.0,14,14.392002
-14.0,14,14.410991
-14.0,14,14.429098
-14.0,14,14.448575
-14.0,14,14.467417
-14.0,14,14.486485
-14.0,14,14.505313
-14.0,14,14.523796
-15.0,15,14.544385
-14.0,14,14.563087
-15.0,15,14.583154
-14.0,14,14.601809
-14.0,14,14.624038
-14.0,14,14.643617
-14.0,14,14.663217
-14.0,14,14.682515
-14.0,14,14.701074
-14.0,14,14.719826
-14.0,14,14.738381
-14.0,14,14.757894
-14.0,14,14.776685
-14.0,14,14.795728
-14.0,14,14.814516
-14.0,14,14.833559
-14.0,14,14.852685
-14.0,14,14.871388
-14.0,14,14.890297
-15.0,15,14.910066
-14.0,14,14.9288
-14.0,14,14.948152
-16.0,16,14.970044
-14.0,14,14.988911
-14.0,14,15.008186
-15.0,15,15.027925
-14.0,14,15.046987
-14.0,14,15.065605
-14.0,14,15.08478
-14.0,14,15.10387
-14.0,14,15.121669
-14.0,14,15.139439
-14.0,14,15.157721
-14.0,14,15.176077
-14.0,14,15.19511
-14.0,14,15.214328
-14.0,14,15.234197
-14.0,14,15.253495
-14.0,14,15.272172
-14.0,14,15.290702
-14.0,14,15.309383
-14.0,14,15.32888
-14.0,14,15.347907
-14.0,14,15.365649
-15.0,15,15.385005
-14.0,14,15.403488
-14.0,14,15.42226
-14.0,14,15.440953
-14.0,14,15.459845
-14.0,14,15.478886
-14.0,14,15.498632
-14.0,14,15.517612
-14.0,14,15.535979
-14.0,14,15.554521
-15.0,15,15.574823
-14.0,14,15.593132
-14.0,14,15.612844
-14.0,14,15.631145
-14.0,14,15.650101
-15.0,15,15.669888
-14.0,14,15.688836
-14.0,14,15.707264
-14.0,14,15.726302
-14.0,14,15.74546
-14.0,14,15.763503
-15.0,15,15.783698
-14.0,14,15.802208
-14.0,14,15.820828
-14.0,14,15.839152
-14.0,14,15.85775
-14.0,14,15.877053
-14.0,14,15.895865
-14.0,14,15.914423
-14.0,14,15.93329
-14.0,14,15.951245
-14.0,14,15.970321
-14.0,14,15.989619
-14.0,14,16.008842
-14.0,14,16.027416
-14.0,14,16.045857
-15.0,15,16.066491
-14.0,14,16.08617
-14.0,14,16.105088
-14.0,14,16.124202
-14.0,14,16.142861
-14.0,14,16.16116
-14.0,14,16.179667
-14.0,14,16.198483
-14.0,14,16.217175
-15.0,15,16.238202
-14.0,14,16.257889
-14.0,14,16.276375
-14.0,14,16.295031
-14.0,14,16.313461
-14.0,14,16.333233
-14.0,14,16.351781
-14.0,14,16.370281
-14.0,14,16.388602
-14.0,14,16.407331
-14.0,14,16.425949
-14.0,14,16.44445
-14.0,14,16.463205
-14.0,14,16.482187
-14.0,14,16.500849
-14.0,14,16.519945
-14.0,14,16.538712
-14.0,14,16.557126
-14.0,14,16.575709
-14.0,14,16.594817
-14.0,14,16.613345
-14.0,14,16.632051
-14.0,14,16.650985
-14.0,14,16.66941
-14.0,14,16.688617
-14.0,14,16.707317
-14.0,14,16.726251
-14.0,14,16.744865
-14.0,14,16.763611
-14.0,14,16.782476
-14.0,14,16.800765
-14.0,14,16.819863
-14.0,14,16.838742
-14.0,14,16.857342
-19.0,19,16.884315
-20.0,20,16.910004
-19.0,19,16.935718
-19.0,19,16.96142
-21.0,21,16.988449
-19.0,19,17.016134
-19.0,19,17.040928
-19.0,19,17.068648
-19.0,19,17.09435
-19.0,19,17.120603
-19.0,19,17.146109
-19.0,19,17.171478
-19.0,19,17.197365
-19.0,19,17.22214
-19.0,19,17.247275
-19.0,19,17.274311
-19.0,19,17.299313
-20.0,20,17.326469
-19.0,19,17.351543
-19.0,19,17.376813
-19.0,19,17.403651
-19.0,19,17.427913
-19.0,19,17.453998
-19.0,19,17.479135
-19.0,19,17.503727
-20.0,20,17.530533
-21.0,21,17.559592
-19.0,19,17.58488
-19.0,19,17.610368
-21.0,21,17.638948
-19.0,19,17.664748
-19.0,19,17.690726
-20.0,20,17.717231
-19.0,19,17.743098
-19.0,19,17.768146
-19.0,19,17.792912
-19.0,19,17.818585
-20.0,20,17.845056
-19.0,19,17.869061
-19.0,19,17.895156
-20.0,20,17.921095
-19.0,19,17.946804
-19.0,19,17.972255
-20.0,20,17.998388
-19.0,19,18.024054
-21.0,21,18.051592
-20.0,20,18.079486
-19.0,19,18.104073
-19.0,19,18.128751
-19.0,19,18.154867
-20.0,20,18.181033
-19.0,19,18.206463
-19.0,19,18.231292
-19.0,19,18.256438
-19.0,19,18.282389
-19.0,19,18.307262
-19.0,19,18.333014
-19.0,19,18.357689
-20.0,20,18.38417
-19.0,19,18.410665
-19.0,19,18.435789
-19.0,19,18.4613
-19.0,19,18.486257
-19.0,19,18.511123
-19.0,19,18.536164
-19.0,19,18.561401
-19.0,19,18.586786
-19.0,19,18.612912
-20.0,20,18.639154
-19.0,19,18.664348
-19.0,19,18.689105
-19.0,19,18.713433
-19.0,19,18.739369
-19.0,19,18.764388
-19.0,19,18.78871
-19.0,19,18.814396
-19.0,19,18.839096
-19.0,19,18.865118
-19.0,19,18.890419
-21.0,21,18.918262
-19.0,19,18.944135
-19.0,19,18.968669
-19.0,19,18.99422
-19.0,19,19.019112
-19.0,19,19.044441
-19.0,19,19.070323
-19.0,19,19.096649
-19.0,19,19.122459
-19.0,19,19.148972
-19.0,19,19.175227
-19.0,19,19.200482
-19.0,19,19.225024
-19.0,19,19.249602
-19.0,19,19.27386
-19.0,19,19.297764
-19.0,19,19.323329
-19.0,19,19.348786
-19.0,19,19.373766
-19.0,19,19.400064
-20.0,20,19.426451
-19.0,19,19.45183
-20.0,20,19.478375
-19.0,19,19.503037
-19.0,19,19.529677
-19.0,19,19.554781
-19.0,19,19.579481
-19.0,19,19.604697
-19.0,19,19.629208
-19.0,19,19.655227
-20.0,20,19.68105
-19.0,19,19.7066
-19.0,19,19.733414
-19.0,19,19.758003
-19.0,19,19.784194
-19.0,19,19.809761
-19.0,19,19.835054
-21.0,21,19.863849
-19.0,19,19.888257
-19.0,19,19.914941
-19.0,19,19.940014
-19.0,19,19.966079
-19.0,19,19.991759
-19.0,19,20.017185
-19.0,19,20.043488
-19.0,19,20.068679
-21.0,21,20.0976
-19.0,19,20.122631
-19.0,19,20.148691
-19.0,19,20.173601
-19.0,19,20.199052
-24.0,24,20.231381
-24.0,24,20.263623
-24.0,24,20.295669
-24.0,24,20.327923
-24.0,24,20.360081
-24.0,24,20.392007
-24.0,24,20.423262
-24.0,24,20.455569
-24.0,24,20.489107
-25.0,25,20.522506
-24.0,24,20.556236
-24.0,24,20.587295
-24.0,24,20.619706
-24.0,24,20.652166
-24.0,24,20.684379
-24.0,24,20.715774
-24.0,24,20.749338
-24.0,24,20.781647
-24.0,24,20.814101
-27.0,27,20.849662
-24.0,24,20.880775
-24.0,24,20.912642
-25.0,25,20.946521
-24.0,24,20.978383
-24.0,24,21.009269
-24.0,24,21.041338
-24.0,24,21.074104
-24.0,24,21.106343
-24.0,24,21.137822
-24.0,24,21.169612
-25.0,25,21.203474
-25.0,25,21.240183
-24.0,24,21.273104
-24.0,24,21.305289
-24.0,24,21.337805
-24.0,24,21.370162
-24.0,24,21.402912
-24.0,24,21.434606
-24.0,24,21.46699
-26.0,26,21.5029
-24.0,24,21.535443
-24.0,24,21.567845
-25.0,25,21.60131
-24.0,24,21.632143
-24.0,24,21.664181
-24.0,24,21.697268
-25.0,25,21.731575
-24.0,24,21.765149
-27.0,27,21.800578
-24.0,24,21.832972
-24.0,24,21.865036
-24.0,24,21.897394
-24.0,24,21.928983
-24.0,24,21.961347
-24.0,24,21.994083
-25.0,25,22.027351
-24.0,24,22.059011
-24.0,24,22.090663
-25.0,25,22.124564
-25.0,25,22.158086
-24.0,24,22.190113
-24.0,24,22.221383
-26.0,26,22.257438
-24.0,24,22.28964
-24.0,24,22.322056
-24.0,24,22.353863
-24.0,24,22.385053
-27.0,27,22.42203
-25.0,25,22.455282
-27.0,27,22.491282
-26.0,26,22.527149
-24.0,24,22.559168
-24.0,24,22.59058
-24.0,24,22.621921
-26.0,26,22.656451
-24.0,24,22.688424
-26.0,26,22.722937
-24.0,24,22.75476
-24.0,24,22.786923
-24.0,24,22.819184
-24.0,24,22.851027
-24.0,24,22.882272
-24.0,24,22.914024
-24.0,24,22.945847
-24.0,24,22.977536
-24.0,24,23.009396
-24.0,24,23.041337
-24.0,24,23.073077
-24.0,24,23.105306
-24.0,24,23.137193
-24.0,24,23.169043
-24.0,24,23.201043
-24.0,24,23.232182
-24.0,24,23.264165
-24.0,24,23.296812
-26.0,26,23.331345
-24.0,24,23.363683
-24.0,24,23.393933
-24.0,24,23.424783
-24.0,24,23.455237
-24.0,24,23.485829
-24.0,24,23.516621
-24.0,24,23.547998
-33.0,33,23.590708
-29.0,29,23.628989
-30.0,30,23.669172
-29.0,29,23.707467
-29.0,29,23.746129
-31.0,31,23.789778
-29.0,29,23.828462
-29.0,29,23.866728
-29.0,29,23.905026
-29.0,29,23.943827
-29.0,29,23.982266
-29.0,29,24.02131
-31.0,31,24.062984
-31.0,31,24.104997
-32.0,32,24.146963
-29.0,29,24.186647
-29.0,29,24.225948
-29.0,29,24.264906
-29.0,29,24.304212
-29.0,29,24.343321
-29.0,29,24.381549
-29.0,29,24.420825
-29.0,29,24.459398
-29.0,29,24.497756
-30.0,30,24.537878
-29.0,29,24.576803
-30.0,30,24.616399
-29.0,29,24.655378
-30.0,30,24.695059
-29.0,29,24.733636
-29.0,29,24.772977
-29.0,29,24.811373
-29.0,29,24.850195
-29.0,29,24.889351
-29.0,29,24.929097
-31.0,31,24.969709
-29.0,29,25.008061
-29.0,29,25.046753
-29.0,29,25.085029
-31.0,31,25.125751
-29.0,29,25.16507
-29.0,29,25.203799
-29.0,29,25.241961
-29.0,29,25.281007
-29.0,29,25.320669
-29.0,29,25.361202
-29.0,29,25.39908
-29.0,29,25.440064
-31.0,31,25.479903
-29.0,29,25.516203
-29.0,29,25.552891
-29.0,29,25.589794
-31.0,31,25.628338
-29.0,29,25.664237
-30.0,30,25.701887
-29.0,29,25.738028
-32.0,32,25.77904
-29.0,29,25.817476
-29.0,29,25.8565
-32.0,32,25.899312
-33.0,33,25.943478
-29.0,29,25.981858
-29.0,29,26.021911
-29.0,29,26.062646
-29.0,29,26.103834
-34.0,34,26.151078
-30.0,30,26.193516
-29.0,29,26.232414
-31.0,31,26.273799
-29.0,29,26.312254
-29.0,29,26.351036
-29.0,29,26.389079
-29.0,29,26.428613
-29.0,29,26.467617
-31.0,31,26.509669
-30.0,30,26.549903
-30.0,30,26.590315
-29.0,29,26.628791
-29.0,29,26.667489
-29.0,29,26.707317
-29.0,29,26.746708
-31.0,31,26.788277
-29.0,29,26.826706
-29.0,29,26.865661
-34.0,34,26.91049
-34.0,34,26.957
-34.0,34,27.001856
-34.0,34,27.047856
-34.0,34,27.092463
-35.0,35,27.138831
-34.0,34,27.183775
-35.0,35,27.231832
-34.0,34,27.277973
-34.0,34,27.322401
-34.0,34,27.366632
-35.0,35,27.412929
-34.0,34,27.459781
-34.0,34,27.506545
-34.0,34,27.549216
-34.0,34,27.592729
-34.0,34,27.636719
-34.0,34,27.681607
-38.0,38,27.731842
-36.0,36,27.78004
-35.0,35,27.825972
-34.0,34,27.872705
-35.0,35,27.917952
-35.0,35,27.964899
-34.0,34,28.009749
-34.0,34,28.055555
-34.0,34,28.100596
-36.0,36,28.148872
-35.0,35,28.194448
-34.0,34,28.240729
-34.0,34,28.285163
-34.0,34,28.33299
-34.0,34,28.380716
-36.0,36,28.428412
-36.0,36,28.476213
-34.0,34,28.520675
-34.0,34,28.566503
-34.0,34,28.611801
-35.0,35,28.659216
-34.0,34,28.704263
-34.0,34,28.75045
-36.0,36,28.797686
-34.0,34,28.840593
-34.0,34,28.883857
-40.0,40,28.935916
-34.0,34,28.980958
-34.0,34,29.027467
-34.0,34,29.072359
-34.0,34,29.11809
-36.0,36,29.166636
-37.0,37,29.217081
-35.0,35,29.264953
-34.0,34,29.310138
-34.0,34,29.356145
-34.0,34,29.401086
-35.0,35,29.44719
-34.0,34,29.493297
-34.0,34,29.53856
-36.0,36,29.587436
-34.0,34,29.632424
-34.0,34,29.677702
-34.0,34,29.722712
-34.0,34,29.768429
-34.0,34,29.812573
-34.0,34,29.857355
-34.0,34,29.901633
-34.0,34,29.947338
-35.0,35,29.993849
-34.0,34,30.039396
-34.0,34,30.084133
-34.0,34,30.129216
-39.0,39,30.181607
-34.0,34,30.227247
-39.0,39,30.279848
-41.0,41,30.335078
-39.0,39,30.387472
-40.0,40,30.439537
-39.0,39,30.491668
-43.0,43,30.550724
-39.0,39,30.602954
-41.0,41,30.656988
-41.0,41,30.711941
-39.0,39,30.764863
-48.0,48,30.827345
-39.0,39,30.880389
-39.0,39,30.93309
-39.0,39,30.985063
-39.0,39,31.03682
-39.0,39,31.090854
-40.0,40,31.144956
-39.0,39,31.19634
-39.0,39,31.248176
-39.0,39,31.300263
-40.0,40,31.353127
-49.0,49,31.418391
-39.0,39,31.470414
-39.0,39,31.522359
-41.0,41,31.579061
-45.0,45,31.638094
-42.0,42,31.693448
-39.0,39,31.741742
-39.0,39,31.790173
-39.0,39,31.839888
-39.0,39,31.888339
-39.0,39,31.93914
-39.0,39,31.99194
-39.0,39,32.044199
-42.0,42,32.10034
-44.0,44,32.160209
-39.0,39,32.212837
-42.0,42,32.269029
-41.0,41,32.324031
-46.0,46,32.384926
-40.0,40,32.438144
-41.0,41,32.493223
-39.0,39,32.546957
-39.0,39,32.599473
-39.0,39,32.65219
-42.0,42,32.708404
-39.0,39,32.76024
-39.0,39,32.812331
-39.0,39,32.864387
-39.0,39,32.916755
-39.0,39,32.968044
-43.0,43,33.025425
-39.0,39,33.078067
-41.0,41,33.132378
-39.0,39,33.187324
-39.0,39,33.240913
-41.0,41,33.295754
-41.0,41,33.350792
-42.0,42,33.408101
-39.0,39,33.459887
-41.0,41,33.514966
-41.0,41,33.569521
-50.0,50,33.636173
-44.0,44,33.697849
-44.0,44,33.755131
-145.0,145,33.938588
-46.0,46,33.996859
-48.0,48,34.058108
-48.0,48,34.119125
-45.0,45,34.178325
-44.0,44,34.242544
-52.0,52,34.322136
-44.0,44,34.380086
-44.0,44,34.439314
-44.0,44,34.498767
-44.0,44,34.558761
-44.0,44,34.617221
-47.0,47,34.680233
-48.0,48,34.745281
-59.0,59,34.824443
-47.0,47,34.888572
-44.0,44,34.947144
-48.0,48,35.011406
-44.0,44,35.072772
-52.0,52,35.141193
-44.0,44,35.200111
-46.0,46,35.261353
-48.0,48,35.326198
-47.0,47,35.388188
-46.0,46,35.450298
-44.0,44,35.509288
-49.0,49,35.574752
-46.0,46,35.634959
-44.0,44,35.695599
-49.0,49,35.762542
-46.0,46,35.824656
-48.0,48,35.885746
-46.0,46,35.944453
-44.0,44,36.003053
-73.0,73,36.100602
-44.0,44,36.159339
-55.0,55,36.234074
-48.0,48,36.299683
-44.0,44,36.359551
-45.0,45,36.420107
-46.0,46,36.48049
-50.0,50,36.547207
-46.0,46,36.607889
-44.0,44,36.666202
-46.0,46,36.72644
-47.0,47,36.788406
-45.0,45,36.849595
-46.0,46,36.910573
-48.0,48,36.973401
-50.0,50,37.040214
-49.0,49,37.107596
-48.0,48,37.170319
-56.0,56,37.245466
-48.0,48,37.310664
-51.0,51,37.378838
-48.0,48,37.445316
-50.0,50,37.512659
-48.0,48,37.576869
-48.0,48,37.641967
-48.0,48,37.705869
-51.0,51,37.773873
-48.0,48,37.838782
-51.0,51,37.906974
-50.0,50,37.972814
-52.0,52,38.042151
-50.0,50,38.10861
-50.0,50,38.177002
-57.0,57,38.252754
-49.0,49,38.317171
-49.0,49,38.38288
-48.0,48,38.447048
-57.0,57,38.523069
-48.0,48,38.587648
-65.0,65,38.675115
-54.0,54,38.748518
-48.0,48,38.812028
-50.0,50,38.87865
-49.0,49,38.943718
-48.0,48,39.008607
-50.0,50,39.074446
-51.0,51,39.1438
-51.0,51,39.213437
-48.0,48,39.279466
-49.0,49,39.343468
-51.0,51,39.411937
-51.0,51,39.478138
-56.0,56,39.555725
-48.0,48,39.618245
-52.0,52,39.688093
-51.0,51,39.756403
-50.0,50,39.823432
-55.0,55,39.89915
-49.0,49,39.964106
-52.0,52,40.029544
-52.0,52,40.096613
-48.0,48,40.157408
-51.0,51,40.226054
-52.0,52,40.295394
-52.0,52,40.365763
-54.0,54,40.438874
-56.0,56,40.512962
-52.0,52,40.581887
-52.0,52,40.651281
-57.0,57,40.728191
-52.0,52,40.79842
-60.0,60,40.879256
-58.0,58,40.956936
-52.0,52,41.02605
-53.0,53,41.097287
-63.0,63,41.181855
-52.0,52,41.250437
-52.0,52,41.319396
-54.0,54,41.390518
-60.0,60,41.472001
-54.0,54,41.544455
-53.0,53,41.615034
-55.0,55,41.688524
-52.0,52,41.75697
-56.0,56,41.831059
-52.0,52,41.900611
-56.0,56,41.975544
-52.0,52,42.042856
-52.0,52,42.10721
-56.0,56,42.177422
-52.0,52,42.245393
-53.0,53,42.316729
-52.0,52,42.386839
-52.0,52,42.457022
-58.0,58,42.535976
-52.0,52,42.604858
-53.0,53,42.675443
-52.0,52,42.745908
-52.0,52,42.816198
-52.0,52,42.885395
-52.0,52,42.954148
-53.0,53,43.025088
-54.0,54,43.096833
-52.0,52,43.165663
-53.0,53,43.243341
-54.0,54,43.314467
-53.0,53,43.383971
-52.0,52,43.450222
-52.0,52,43.520905
-57.0,57,43.596483
-59.0,59,43.676028
-62.0,62,43.762203
-56.0,56,43.838322
-56.0,56,43.912908
-57.0,57,43.989479
-59.0,59,44.071469
-59.0,59,44.148163
-60.0,60,44.228225
-62.0,62,44.313826
-59.0,59,44.393486
-59.0,59,44.47312
-60.0,60,44.553405
-200.0,200,44.824028
-61.0,61,44.908414
-59.0,59,44.987164
-61.0,61,45.069839
-61.0,61,45.150632
-59.0,59,45.22961
-59.0,59,45.308717
-66.0,66,45.397539
-68.0,68,45.48852
-61.0,61,45.572072
-56.0,56,45.646184
-57.0,57,45.722744
-59.0,59,45.801585
-57.0,57,45.878351
-59.0,59,45.957103
-57.0,57,46.034293
-68.0,68,46.126976
-58.0,58,46.202278
-61.0,61,46.283954
-61.0,61,46.362447
-59.0,59,46.438342
-59.0,59,46.514889
-61.0,61,46.592755
-74.0,74,46.688793
-78.0,78,46.79325
-57.0,57,46.868393
-59.0,59,46.947551
-81.0,81,47.055701
-68.0,68,47.146607
-70.0,70,47.240684
-64.0,64,47.325655
-69.0,69,47.419786
-81.0,81,47.528153
-62.0,62,47.611046
-165.0,165,47.831441
-81.0,81,47.941128
-68.0,68,48.03119
-125.0,125,48.201168
-59.0,59,48.279103
-81.0,81,48.383862
-81.0,81,48.492407
-200.0,200,48.758574
-62.0,62,48.841903
-60.0,60,48.921211
-81.0,81,49.029932
-200.0,200,49.293956
-64.0,64,49.380831
-83.0,83,49.492523
-164.0,164,49.711999
-148.0,148,49.918392
-99.0,99,50.058111
-89.0,89,50.170946
-81.0,81,50.279588
-153.0,153,50.474401
-200.0,200,50.740853
-200.0,200,51.006967
-200.0,200,51.274918
-200.0,200,51.546839
-200.0,200,51.81877
-200.0,200,52.088962
-67.0,67,52.179603
-200.0,200,52.44189
-200.0,200,52.698499
-200.0,200,52.959213
-153.0,153,53.167013
-86.0,86,53.28325
-200.0,200,53.55193
-200.0,200,53.821353
-200.0,200,54.088385
-200.0,200,54.354038
-200.0,200,54.622696
-200.0,200,54.890245
-200.0,200,55.157342
-200.0,200,55.423907
-200.0,200,55.691568
-200.0,200,55.959849
-200.0,200,56.227211
-200.0,200,56.494861
-200.0,200,56.758834
-200.0,200,57.028044
-200.0,200,57.296062
-200.0,200,57.564525
-200.0,200,57.834255
-200.0,200,58.102941
-200.0,200,58.372943
-200.0,200,58.638592
-200.0,200,58.892707
-200.0,200,59.154775
-200.0,200,59.415674
-200.0,200,59.683237
-200.0,200,59.948738
-200.0,200,60.214998
-200.0,200,60.485056
-200.0,200,60.7497
-200.0,200,61.014949
-200.0,200,61.282117
-200.0,200,61.549784
-200.0,200,61.8175
-200.0,200,62.086979
-200.0,200,62.353227
-200.0,200,62.622656
-200.0,200,62.882117
-200.0,200,63.136226
-200.0,200,63.399311
-200.0,200,63.668138
-200.0,200,63.937475
-200.0,200,64.20398
-200.0,200,64.471106
-200.0,200,64.749513
-200.0,200,65.012891
-200.0,200,65.281877
-200.0,200,65.54958
-200.0,200,65.81838
-200.0,200,66.085562
-200.0,200,66.354552
-200.0,200,66.624811
-200.0,200,66.893438
-200.0,200,67.161859
-200.0,200,67.427912
-200.0,200,67.697832
-200.0,200,67.970231
-200.0,200,68.239835
-200.0,200,68.509777
-200.0,200,68.778893
-200.0,200,69.048856
-200.0,200,69.317659
-200.0,200,69.587455
-200.0,200,69.85745
-200.0,200,70.124935
-200.0,200,70.39791
-200.0,200,70.667272
-200.0,200,70.934232
-200.0,200,71.193815
-200.0,200,71.462826
-200.0,200,71.728547
-200.0,200,71.997949
-200.0,200,72.269134
-120.0,120,72.43062
-107.0,107,72.575677
-200.0,200,72.843634
-200.0,200,73.10915
-104.0,104,73.247352
-100.0,100,73.380243
-200.0,200,73.648166
-107.0,107,73.791969
-181.0,181,74.033929
-187.0,187,74.281236
-98.0,98,74.411298
-106.0,106,74.551253
-103.0,103,74.685199
-102.0,102,74.814409
-99.0,99,74.940946
-188.0,188,75.185588
-195.0,195,75.44309
-103.0,103,75.582422
-105.0,105,75.724019
-101.0,101,75.858218
-98.0,98,75.99012
-102.0,102,76.128539
-110.0,110,76.275817
-99.0,99,76.406819
-101.0,101,76.540847
-101.0,101,76.675339
-103.0,103,76.814805
-112.0,112,76.964199
-101.0,101,77.100008
-99.0,99,77.237804
-104.0,104,77.381072
-106.0,106,77.521654
-105.0,105,77.663277
-103.0,103,77.801338
-106.0,106,77.941365
-105.0,105,78.081395
-108.0,108,78.224921
-106.0,106,78.367759
-106.0,106,78.510156
-109.0,109,78.65679
-111.0,111,78.806256
-105.0,105,78.945492
-104.0,104,79.086394
-100.0,100,79.220505
-105.0,105,79.360782
-105.0,105,79.502718
-102.0,102,79.641538
-95.0,95,79.768054
-99.0,99,79.90042
-100.0,100,80.031946
-106.0,106,80.174808
-107.0,107,80.316962
-112.0,112,80.467495
-113.0,113,80.619344
-112.0,112,80.768898
-105.0,105,80.909373
-112.0,112,81.059135
-108.0,108,81.204973
-111.0,111,81.355542
-107.0,107,81.495484
-100.0,100,81.623923
-96.0,96,81.745876
-96.0,96,81.871801
-100.0,100,82.005576
-110.0,110,82.155524
-96.0,96,82.285794
-97.0,97,82.415823
-104.0,104,82.553764
-102.0,102,82.692663
-97.0,97,82.824367
-97.0,97,82.955227
-97.0,97,83.086002
-99.0,99,83.218148
-101.0,101,83.354442
-93.0,93,83.478549
-92.0,92,83.599449
-102.0,102,83.73657
-104.0,104,83.876023
-104.0,104,84.014538
-104.0,104,84.151696
-109.0,109,84.297626
-101.0,101,84.434675
-111.0,111,84.584349
-106.0,106,84.72877
-101.0,101,84.862843
-103.0,103,85.001557
-105.0,105,85.140935
-126.0,126,85.310878
-101.0,101,85.448101
-126.0,126,85.613536
-181.0,181,85.856266
-104.0,104,85.995527
-200.0,200,86.262737
-200.0,200,86.532636
-114.0,114,86.684651
-106.0,106,86.826199
-102.0,102,86.962893
-107.0,107,87.101403
-200.0,200,87.364038
-200.0,200,87.635607
-173.0,173,87.862348
-200.0,200,88.136242
-134.0,134,88.315252
-200.0,200,88.60921
-121.0,121,88.764071
-200.0,200,89.039673
-126.0,126,89.207486
-121.0,121,89.368457
-125.0,125,89.538956
-123.0,123,89.706793
-119.0,119,89.858872
-163.0,163,90.074827
-126.0,126,90.243665
-125.0,125,90.411016
-177.0,177,90.64875
-200.0,200,90.917137
-169.0,169,91.142214
-159.0,159,91.360705
-173.0,173,91.595145
-179.0,179,91.831944
-200.0,200,92.089553
-200.0,200,92.357794
-151.0,151,92.569686
-127.0,127,92.739967
-200.0,200,93.008807
-153.0,153,93.213213
-166.0,166,93.434908
-172.0,172,93.661067
-162.0,162,93.875361
-145.0,145,94.058585
-200.0,200,94.322679
-162.0,162,94.539718
-147.0,147,94.7358
-152.0,152,94.937519
-200.0,200,95.202771
-200.0,200,95.469473
-157.0,157,95.67992
-163.0,163,95.897097
-154.0,154,96.091356
-200.0,200,96.343992
-157.0,157,96.551139
-156.0,156,96.781838
-154.0,154,96.982453
-151.0,151,97.185196
-163.0,163,97.419749
-149.0,149,97.620937
-152.0,152,97.824195
-154.0,154,98.033018
-142.0,142,98.222577
-156.0,156,98.434096
-150.0,150,98.635128
-160.0,160,98.84883
-147.0,147,99.04447
-154.0,154,99.250787
-151.0,151,99.452746
-151.0,151,99.654335
-152.0,152,99.857223
-146.0,146,100.054484
-161.0,161,100.265853
